Age,BusinessTravel,DailyRate,Department,DistanceFromHome,Education,EducationField,EmployeeCount,EmployeeNumber,EnvironmentSatisfaction,Gender,HourlyRate,JobInvolvement,JobLevel,JobRole,JobSatisfaction,MaritalStatus,MonthlyIncome,MonthlyRate,NumCompaniesWorked,Over18,OverTime,PercentSalaryHike,PerformanceRating,RelationshipSatisfaction,StandardHours,StockOptionLevel,TotalWorkingYears,TrainingTimesLastYear,WorkLifeBalance,YearsAtCompany,YearsInCurrentRole,YearsSinceLastPromotion,YearsWithCurrManager,TotalYearsInSameJob,IncomePerHour,AgeWhenJoined,YearsUntilPromotion,EmployeeEngagement,YearOfJoining,Rango_Edad,Clasificacion,Semaforo,Overtime_Marital,Overtime_squared,JobRole_BusinessTravel
53,Travel_Rarely,661,Sales,7,2,Marketing,1,862,1,Female,78,2,3,Sales Executive,4,Married,10934,20715,7,Y,1,18,3,4,80,1,35,3,3,5,2,0,4,32,34.16875,48,0,2.8,2019,46-55,Desempeño Medio,Verde,Yes_Married,1,Sales Executive_Travel_Rarely
31,Travel_Frequently,523,Research & Development,2,3,Life Sciences,1,1464,2,Male,94,3,1,Laboratory Technician,4,Married,3722,21081,6,Y,1,13,3,3,80,1,7,2,1,2,2,2,2,7,11.63125,29,2,2.6,2022,26-35,Desempeño Medio,Rojo,Yes_Married,1,Laboratory Technician_Travel_Frequently
29,Travel_Rarely,1247,Sales,20,2,Marketing,1,349,4,Male,45,3,2,Sales Executive,4,Divorced,6931,10732,2,Y,0,14,3,4,80,1,10,2,3,3,2,0,2,9,21.659375,26,0,3.6,2021,26-35,Desempeño Medio,Verde,No_Divorced,0,Sales Executive_Travel_Rarely
43,Travel_Rarely,531,Sales,4,4,Marketing,1,1293,4,Female,56,2,3,Sales Executive,4,Single,10231,20364,3,Y,0,14,3,4,80,0,23,3,4,21,7,15,17,9,31.971875,22,15,3.6,2003,36-45,Desempeño Medio,Verde,No_Single,0,Sales Executive_Travel_Rarely
26,Travel_Rarely,1357,Research & Development,25,3,Life Sciences,1,55,1,Male,48,1,1,Laboratory Technician,3,Single,2293,10558,1,Y,0,12,3,3,80,0,1,2,2,1,0,0,1,0,7.165625,25,0,2.0,2023,26-35,Desempeño Medio,Rojo,No_Single,0,Laboratory Technician_Travel_Rarely
29,Non-Travel,1496,Research & Development,1,1,Technical Degree,1,208,4,Male,41,3,2,Manufacturing Director,3,Married,4319,26283,1,Y,0,13,3,1,80,1,10,1,3,10,7,0,9,7,13.496875,19,0,2.8,2014,26-35,Desempeño Medio,Verde,No_Married,0,Manufacturing Director_Non-Travel
44,Travel_Frequently,429,Research & Development,1,2,Medical,1,1792,3,Male,99,3,1,Research Scientist,2,Divorced,2342,11092,1,Y,1,12,3,3,80,3,6,2,2,5,3,2,3,4,7.31875,39,2,2.6,2019,36-45,Desempeño Bajo,Rojo,Yes_Divorced,1,Research Scientist_Travel_Frequently
35,Travel_Rarely,1146,Human Resources,26,4,Life Sciences,1,2040,3,Female,31,3,3,Human Resources,4,Single,8837,16642,1,Y,1,16,3,3,80,0,9,2,3,9,0,1,7,0,27.615625,26,1,3.2,2015,36-45,Desempeño Medio,Verde,Yes_Single,1,Human Resources_Travel_Rarely
28,Non-Travel,280,Human Resources,1,2,Life Sciences,1,1858,3,Male,43,3,1,Human Resources,4,Divorced,2706,10494,1,Y,0,15,3,2,80,1,3,2,3,3,2,2,2,2,8.45625,25,2,3.0,2021,26-35,Desempeño Medio,Verde,No_Divorced,0,Human Resources_Non-Travel
29,Travel_Rarely,1378,Research & Development,13,2,Other,1,2053,4,Male,46,2,2,Laboratory Technician,2,Married,4025,23679,4,Y,1,13,3,1,80,1,10,2,3,4,3,0,3,9,12.578125,25,0,2.4,2020,26-35,Desempeño Bajo,Naranja,Yes_Married,1,Laboratory Technician_Travel_Rarely
50,Travel_Rarely,328,Research & Development,1,3,Medical,1,249,3,Male,86,2,1,Laboratory Technician,3,Married,3690,3425,2,Y,0,15,3,4,80,1,5,2,2,3,2,0,2,4,11.53125,47,0,2.8,2021,46-55,Desempeño Medio,Verde,No_Married,0,Laboratory Technician_Travel_Rarely
40,Travel_Rarely,1194,Research & Development,2,4,Medical,1,2051,3,Female,98,3,1,Research Scientist,3,Married,2001,12549,2,Y,0,14,3,2,80,3,20,2,3,5,3,0,2,18,6.253125,35,0,2.8,2019,36-45,Desempeño Medio,Verde,No_Married,0,Research Scientist_Travel_Rarely
34,Travel_Frequently,234,Research & Development,9,4,Life Sciences,1,1807,4,Male,93,3,2,Laboratory Technician,1,Married,5346,6208,4,Y,0,17,3,3,80,1,11,3,2,7,1,0,7,5,16.70625,27,0,2.6,2017,26-35,Desempeño Bajo,Rojo,No_Married,0,Laboratory Technician_Travel_Frequently
45,Travel_Rarely,192,Research & Development,10,2,Life Sciences,1,544,1,Male,69,3,1,Research Scientist,4,Married,2654,9655,3,Y,0,21,4,4,80,2,8,3,2,2,2,0,2,8,8.29375,43,0,2.8,2022,46-55,Unicornios,Verde,No_Married,0,Research Scientist_Travel_Rarely
36,Travel_Rarely,530,Sales,2,4,Life Sciences,1,1710,3,Female,51,3,2,Sales Representative,4,Single,4502,7439,3,Y,0,15,3,3,80,0,17,2,2,13,7,6,7,11,14.06875,23,6,3.0,2011,36-45,Desempeño Medio,Verde,No_Single,0,Sales Representative_Travel_Rarely
28,Travel_Rarely,1179,Research & Development,19,4,Medical,1,1216,4,Male,78,2,1,Laboratory Technician,1,Married,3196,12449,1,Y,0,12,3,3,80,3,6,2,3,6,5,3,3,5,9.9875,22,3,2.6,2018,26-35,Desempeño Bajo,Naranja,No_Married,0,Laboratory Technician_Travel_Rarely
58,Non-Travel,390,Research & Development,1,4,Life Sciences,1,422,4,Male,32,1,2,Healthcare Representative,3,Divorced,5660,17056,2,Y,1,13,3,4,80,1,12,2,3,5,3,1,2,10,17.6875,53,1,3.0,2019,56-65,Desempeño Medio,Verde,Yes_Divorced,1,Healthcare Representative_Non-Travel
38,Travel_Rarely,395,Sales,9,3,Marketing,1,893,2,Male,98,2,1,Sales Representative,2,Married,2899,12102,0,Y,0,19,3,4,80,1,3,3,3,2,2,1,2,3,9.059375,36,1,2.6,2022,36-45,Desempeño Bajo,Naranja,No_Married,0,Sales Representative_Travel_Rarely
27,Travel_Frequently,1337,Human Resources,22,3,Human Resources,1,1944,1,Female,58,2,1,Human Resources,2,Married,2863,19555,1,Y,0,12,3,1,80,0,1,2,3,1,0,0,0,0,8.946875,26,0,1.8,2023,26-35,Desempeño Bajo,Rojo,No_Married,0,Human Resources_Travel_Frequently
32,Travel_Rarely,1373,Research & Development,5,4,Life Sciences,1,1966,4,Male,56,2,2,Manufacturing Director,4,Single,9679,10138,8,Y,0,24,4,2,80,0,8,1,3,1,0,0,0,7,30.246875,31,0,3.0,2023,26-35,Unicornios,Verde,No_Single,0,Manufacturing Director_Travel_Rarely
29,Travel_Rarely,896,Research & Development,18,1,Medical,1,315,3,Male,86,2,1,Research Scientist,4,Single,2389,14961,1,Y,1,13,3,3,80,0,4,3,2,4,3,0,1,3,7.465625,25,0,2.8,2020,26-35,Desempeño Medio,Rojo,Yes_Single,1,Research Scientist_Travel_Rarely
34,Travel_Rarely,943,Research & Development,9,3,Life Sciences,1,1344,4,Male,86,3,3,Healthcare Representative,4,Divorced,8500,5494,0,Y,0,11,3,4,80,1,10,0,2,9,7,1,6,8,26.5625,25,1,3.4,2015,26-35,Desempeño Medio,Verde,No_Divorced,0,Healthcare Representative_Travel_Rarely
36,Travel_Frequently,635,Research & Development,18,1,Medical,1,286,2,Female,73,3,1,Laboratory Technician,4,Single,2153,7703,1,Y,0,13,3,1,80,0,8,2,3,8,1,1,7,1,6.728125,28,1,2.6,2016,36-45,Desempeño Medio,Verde,No_Single,0,Laboratory Technician_Travel_Frequently
59,Travel_Rarely,142,Research & Development,3,3,Life Sciences,1,309,3,Male,70,2,1,Research Scientist,4,Married,2177,8456,3,Y,0,17,3,1,80,1,7,6,3,1,0,0,0,6,6.803125,58,0,2.6,2023,56-65,Desempeño Medio,Verde,No_Married,0,Research Scientist_Travel_Rarely
39,Travel_Frequently,945,Research & Development,22,3,Medical,1,1043,4,Female,82,3,3,Manufacturing Director,1,Single,10880,5083,1,Y,1,13,3,3,80,0,21,2,3,21,6,2,8,6,34.0,18,2,2.8,2003,36-45,Desempeño Bajo,Naranja,Yes_Single,1,Manufacturing Director_Travel_Frequently
33,Travel_Frequently,1146,Sales,25,3,Medical,1,1220,2,Female,82,3,2,Sales Executive,3,Married,4539,4905,1,Y,0,12,3,1,80,1,10,3,2,10,7,0,1,7,14.184375,23,0,2.2,2014,26-35,Desempeño Medio,Verde,No_Married,0,Sales Executive_Travel_Frequently
24,Travel_Frequently,897,Human Resources,10,3,Medical,1,1746,1,Male,59,3,1,Human Resources,4,Married,2145,2097,0,Y,0,14,3,4,80,1,3,2,3,2,2,2,1,3,6.703125,22,2,3.0,2022,18-25,Desempeño Medio,Verde,No_Married,0,Human Resources_Travel_Frequently
36,Travel_Frequently,607,Sales,7,3,Marketing,1,1362,1,Female,83,4,2,Sales Executive,1,Married,4639,2261,2,Y,0,16,3,4,80,1,17,2,2,15,7,6,13,9,14.496875,21,6,2.4,2009,36-45,Desempeño Bajo,Naranja,No_Married,0,Sales Executive_Travel_Frequently
30,Travel_Frequently,1312,Research & Development,23,3,Life Sciences,1,159,1,Male,96,1,1,Research Scientist,3,Divorced,2613,22310,1,Y,0,25,4,3,80,3,10,2,2,10,7,0,9,7,8.165625,20,0,2.0,2014,26-35,Desempeño Medio,Verde,No_Divorced,0,Research Scientist_Travel_Frequently
42,Travel_Rarely,188,Research & Development,29,3,Medical,1,1148,2,Male,56,1,2,Laboratory Technician,4,Single,4272,9558,4,Y,0,19,3,1,80,0,16,3,3,1,0,0,0,15,13.35,41,0,2.2,2023,36-45,Desempeño Medio,Verde,No_Single,0,Laboratory Technician_Travel_Rarely
35,Travel_Frequently,662,Sales,18,4,Marketing,1,1380,4,Female,67,3,2,Sales Executive,3,Married,4614,23288,0,Y,1,18,3,3,80,1,5,0,2,4,2,3,2,3,14.41875,31,3,3.0,2020,36-45,Desempeño Medio,Rojo,Yes_Married,1,Sales Executive_Travel_Frequently
48,Non-Travel,1262,Research & Development,1,4,Medical,1,1116,1,Male,35,4,4,Manager,4,Single,16885,16154,2,Y,0,22,4,3,80,0,27,3,2,5,4,2,1,26,52.765625,43,2,2.8,2019,46-55,Unicornios,Verde,No_Single,0,Manager_Non-Travel
54,Travel_Rarely,1217,Research & Development,2,4,Technical Degree,1,126,1,Female,60,3,3,Research Director,3,Married,13549,24001,9,Y,0,12,3,1,80,1,16,5,1,4,3,0,3,15,42.340625,50,0,1.8,2020,46-55,Desempeño Medio,Verde,No_Married,0,Research Director_Travel_Rarely
52,Travel_Rarely,994,Research & Development,7,4,Life Sciences,1,1118,2,Male,87,3,3,Healthcare Representative,2,Single,10445,15322,7,Y,0,19,3,4,80,0,18,4,3,8,6,4,0,16,32.640625,44,4,2.8,2016,46-55,Desempeño Bajo,Naranja,No_Single,0,Healthcare Representative_Travel_Rarely
41,Travel_Rarely,1102,Sales,1,2,Life Sciences,1,1,2,Female,94,3,2,Sales Executive,4,Single,5993,19479,8,Y,1,11,3,1,80,0,8,0,1,6,4,0,5,6,18.728125,35,0,2.2,2018,36-45,Desempeño Medio,Rojo,Yes_Single,1,Sales Executive_Travel_Rarely
26,Travel_Rarely,474,Research & Development,3,3,Life Sciences,1,1581,1,Female,89,3,1,Research Scientist,4,Married,2061,11133,1,Y,0,21,4,1,80,0,1,5,3,1,0,0,0,0,6.440625,25,0,2.4,2023,26-35,Unicornios,Verde,No_Married,0,Research Scientist_Travel_Rarely
44,Travel_Rarely,170,Research & Development,1,4,Life Sciences,1,1903,2,Male,78,4,2,Healthcare Representative,1,Married,5033,9364,2,Y,0,15,3,4,80,1,10,5,3,2,0,2,2,8,15.728125,42,2,2.8,2022,36-45,Desempeño Bajo,Naranja,No_Married,0,Healthcare Representative_Travel_Rarely
28,Travel_Frequently,193,Research & Development,2,3,Life Sciences,1,1296,4,Male,52,2,1,Laboratory Technician,4,Married,3867,14222,1,Y,1,12,3,2,80,1,2,2,3,2,2,2,2,2,12.084375,26,2,3.0,2022,26-35,Desempeño Medio,Verde,Yes_Married,1,Laboratory Technician_Travel_Frequently
37,Non-Travel,1040,Research & Development,2,2,Life Sciences,1,139,3,Male,100,2,2,Healthcare Representative,4,Divorced,5163,15850,5,Y,0,14,3,4,80,1,17,2,4,1,0,0,0,16,16.134375,36,0,3.4,2023,36-45,Desempeño Medio,Verde,No_Divorced,0,Healthcare Representative_Non-Travel
54,Travel_Rarely,971,Research & Development,1,3,Medical,1,1422,4,Female,54,3,4,Research Director,4,Single,17328,5652,6,Y,0,19,3,4,80,0,29,3,2,20,7,12,7,16,54.15,34,12,3.4,2004,46-55,Desempeño Medio,Verde,No_Single,0,Research Director_Travel_Rarely
28,Non-Travel,120,Sales,4,3,Medical,1,129,2,Male,43,3,2,Sales Executive,3,Married,4221,8863,1,Y,0,15,3,2,80,0,5,3,4,5,4,0,4,4,13.190625,23,0,2.8,2019,26-35,Desempeño Medio,Verde,No_Married,0,Sales Executive_Non-Travel
20,Travel_Rarely,1097,Research & Development,11,3,Medical,1,1016,4,Female,98,2,1,Research Scientist,1,Single,2600,18275,1,Y,1,15,3,1,80,0,1,2,3,1,0,0,0,0,8.125,19,0,2.2,2023,18-25,Desempeño Bajo,Rojo,Yes_Single,1,Research Scientist_Travel_Rarely
28,Travel_Rarely,736,Sales,26,3,Life Sciences,1,1387,3,Male,48,2,2,Sales Executive,1,Married,4724,24232,1,Y,0,11,3,3,80,1,5,0,3,5,3,0,4,3,14.7625,23,0,2.4,2019,26-35,Desempeño Bajo,Naranja,No_Married,0,Sales Executive_Travel_Rarely
49,Travel_Rarely,809,Research & Development,1,3,Life Sciences,1,1677,3,Male,36,3,4,Manager,3,Single,15379,22384,4,Y,0,14,3,1,80,0,23,2,3,8,7,0,0,22,48.059375,41,0,2.6,2016,46-55,Desempeño Medio,Verde,No_Single,0,Manager_Travel_Rarely
29,Travel_Frequently,115,Sales,13,3,Technical Degree,1,1487,1,Female,51,3,2,Sales Executive,2,Single,5765,17485,5,Y,0,11,3,1,80,0,7,4,1,5,3,0,0,5,18.015625,24,0,1.6,2019,26-35,Desempeño Bajo,Rojo,No_Single,0,Sales Executive_Travel_Frequently
38,Non-Travel,573,Research & Development,6,3,Medical,1,107,2,Female,79,1,2,Research Scientist,4,Divorced,5329,15717,7,Y,1,12,3,4,80,3,17,3,3,13,11,1,9,15,16.653125,25,1,2.8,2011,36-45,Desempeño Medio,Verde,Yes_Divorced,1,Research Scientist_Non-Travel
39,Travel_Rarely,117,Research & Development,10,1,Medical,1,429,3,Male,99,3,4,Manager,1,Married,17068,5355,1,Y,1,14,3,4,80,0,21,3,3,21,9,11,10,9,53.3375,18,11,2.8,2003,36-45,Desempeño Bajo,Naranja,Yes_Married,1,Manager_Travel_Rarely
52,Travel_Rarely,258,Research & Development,8,4,Other,1,1409,3,Female,54,3,1,Laboratory Technician,1,Married,2950,17363,9,Y,0,13,3,3,80,0,12,2,1,5,4,0,4,11,9.21875,47,0,2.2,2019,46-55,Desempeño Bajo,Naranja,No_Married,0,Laboratory Technician_Travel_Rarely
28,Travel_Rarely,654,Research & Development,1,2,Life Sciences,1,741,1,Female,67,1,1,Research Scientist,2,Single,2216,3872,7,Y,1,13,3,4,80,0,10,4,3,7,7,3,7,10,6.925,21,3,2.2,2017,26-35,Desempeño Bajo,Rojo,Yes_Single,1,Research Scientist_Travel_Rarely
34,Travel_Rarely,1031,Research & Development,6,4,Life Sciences,1,151,3,Female,45,2,2,Research Scientist,2,Divorced,4505,15000,6,Y,0,15,3,3,80,1,12,3,3,1,0,0,0,11,14.078125,33,0,2.6,2023,26-35,Desempeño Bajo,Naranja,No_Divorced,0,Research Scientist_Travel_Rarely
27,Travel_Rarely,618,Research & Development,4,3,Life Sciences,1,933,2,Female,76,3,1,Research Scientist,3,Single,2318,17808,1,Y,0,19,3,3,80,0,1,2,3,1,1,0,0,1,7.24375,26,0,2.8,2023,26-35,Desempeño Medio,Verde,No_Single,0,Research Scientist_Travel_Rarely
40,Travel_Rarely,1398,Sales,2,4,Life Sciences,1,558,3,Female,79,3,5,Manager,3,Married,18041,13022,0,Y,0,14,3,4,80,0,21,2,3,20,15,1,12,16,56.378125,20,1,3.2,2004,36-45,Desempeño Medio,Verde,No_Married,0,Manager_Travel_Rarely
32,Travel_Rarely,234,Sales,1,4,Medical,1,2013,2,Male,68,2,1,Sales Representative,2,Married,2269,18024,0,Y,0,14,3,2,80,1,3,2,3,2,2,2,2,3,7.090625,30,2,2.2,2022,26-35,Desempeño Bajo,Naranja,No_Married,0,Sales Representative_Travel_Rarely
49,Travel_Frequently,279,Research & Development,8,1,Life Sciences,1,2,3,Male,61,2,2,Research Scientist,2,Married,5130,24907,1,Y,0,23,4,4,80,1,10,3,3,10,7,1,7,7,16.03125,39,1,2.8,2014,46-55,Desempeño Bajo,Naranja,No_Married,0,Research Scientist_Travel_Frequently
39,Travel_Rarely,408,Research & Development,2,4,Technical Degree,1,721,4,Female,80,2,2,Healthcare Representative,3,Single,4553,20978,1,Y,0,11,3,1,80,0,20,4,3,20,7,11,10,7,14.228125,19,11,2.6,2004,36-45,Desempeño Medio,Verde,No_Single,0,Healthcare Representative_Travel_Rarely
46,Non-Travel,849,Sales,26,2,Life Sciences,1,1801,2,Male,98,2,2,Sales Executive,2,Single,7991,25166,8,Y,0,15,3,3,80,0,6,3,3,2,2,2,2,6,24.971875,44,2,2.4,2022,46-55,Desempeño Bajo,Naranja,No_Single,0,Sales Executive_Non-Travel
39,Travel_Rarely,1132,Research & Development,1,3,Medical,1,417,3,Male,48,4,3,Healthcare Representative,4,Divorced,9613,10942,0,Y,0,17,3,1,80,3,19,5,2,18,10,3,7,11,30.040625,21,3,2.8,2006,36-45,Desempeño Medio,Verde,No_Divorced,0,Healthcare Representative_Travel_Rarely
24,Travel_Frequently,535,Sales,24,3,Medical,1,632,4,Male,38,3,1,Sales Representative,4,Married,2400,5530,0,Y,0,13,3,3,80,2,3,3,3,2,2,2,1,3,7.5,22,2,3.4,2022,18-25,Desempeño Medio,Verde,No_Married,0,Sales Representative_Travel_Frequently
56,Travel_Rarely,441,Research & Development,14,4,Life Sciences,1,161,2,Female,72,3,1,Research Scientist,2,Married,4963,4510,9,Y,1,18,3,1,80,3,7,2,3,5,4,4,3,6,15.509375,51,4,2.2,2019,56-65,Desempeño Bajo,Rojo,Yes_Married,1,Research Scientist_Travel_Rarely
36,Travel_Rarely,711,Research & Development,5,4,Life Sciences,1,1651,2,Female,42,3,3,Healthcare Representative,1,Married,8008,22792,4,Y,0,12,3,3,80,2,9,6,3,3,2,0,2,8,25.025,33,0,2.4,2021,36-45,Desempeño Bajo,Naranja,No_Married,0,Healthcare Representative_Travel_Rarely
32,Travel_Frequently,1316,Research & Development,2,2,Life Sciences,1,1235,4,Female,38,3,2,Research Scientist,3,Single,4998,2338,4,Y,1,14,3,4,80,0,10,2,3,8,7,0,7,9,15.61875,24,0,3.4,2016,26-35,Desempeño Medio,Verde,Yes_Single,1,Research Scientist_Travel_Frequently
51,Travel_Rarely,770,Human Resources,5,3,Life Sciences,1,1352,3,Male,84,3,4,Manager,2,Divorced,14026,17588,1,Y,1,11,3,2,80,1,33,2,3,33,9,0,10,9,43.83125,18,0,2.6,1991,46-55,Desempeño Bajo,Naranja,Yes_Divorced,1,Manager_Travel_Rarely
56,Travel_Rarely,1162,Research & Development,24,2,Life Sciences,1,1907,1,Male,97,3,1,Laboratory Technician,4,Single,2587,10261,1,Y,0,16,3,4,80,0,5,3,3,4,2,1,0,3,8.084375,52,1,3.0,2020,56-65,Desempeño Medio,Rojo,No_Single,0,Laboratory Technician_Travel_Rarely
28,Non-Travel,1366,Research & Development,24,2,Technical Degree,1,1082,2,Male,72,2,3,Healthcare Representative,1,Single,8722,12355,1,Y,0,12,3,1,80,0,10,2,2,10,7,1,9,7,27.25625,18,1,1.6,2014,26-35,Desempeño Bajo,Rojo,No_Single,0,Healthcare Representative_Non-Travel
40,Travel_Rarely,118,Sales,14,2,Life Sciences,1,1598,4,Female,84,3,2,Sales Executive,1,Married,4639,11262,1,Y,0,15,3,3,80,1,5,2,3,5,4,1,2,4,14.496875,35,1,2.8,2019,36-45,Desempeño Bajo,Naranja,No_Married,0,Sales Executive_Travel_Rarely
42,Travel_Rarely,810,Research & Development,23,5,Life Sciences,1,468,1,Female,44,3,4,Research Director,4,Single,15992,15901,2,Y,0,14,3,2,80,0,16,2,3,1,0,0,0,15,49.975,41,0,2.6,2023,36-45,Desempeño Medio,Verde,No_Single,0,Research Director_Travel_Rarely
45,Travel_Rarely,1449,Sales,2,3,Marketing,1,1277,1,Female,94,1,5,Manager,2,Single,18824,2493,2,Y,1,16,3,1,80,0,26,2,3,24,10,1,11,12,58.825,21,1,1.6,2000,46-55,Desempeño Bajo,Rojo,Yes_Single,1,Manager_Travel_Rarely
33,Non-Travel,722,Sales,17,3,Life Sciences,1,992,4,Male,38,3,4,Manager,3,Single,17444,20489,1,Y,0,11,3,4,80,0,10,2,3,10,8,6,0,8,54.5125,23,6,3.4,2014,26-35,Desempeño Medio,Verde,No_Single,0,Manager_Non-Travel
45,Travel_Frequently,306,Sales,26,4,Life Sciences,1,684,1,Female,100,3,2,Sales Executive,1,Married,4286,5630,2,Y,0,14,3,4,80,2,5,4,3,1,1,0,0,5,13.39375,44,0,2.4,2023,46-55,Desempeño Bajo,Rojo,No_Married,0,Sales Executive_Travel_Frequently
35,Travel_Frequently,482,Research & Development,4,4,Life Sciences,1,1350,3,Male,87,3,2,Research Scientist,3,Single,4249,2690,1,Y,1,11,3,2,80,0,9,3,3,9,6,1,1,6,13.278125,26,1,2.8,2015,36-45,Desempeño Medio,Verde,Yes_Single,1,Research Scientist_Travel_Frequently
19,Travel_Rarely,303,Research & Development,2,3,Life Sciences,1,243,2,Male,47,2,1,Laboratory Technician,4,Single,1102,9241,1,Y,0,22,4,3,80,0,1,3,2,1,0,1,0,0,3.44375,18,1,2.6,2023,18-25,Unicornios,Rojo,No_Single,0,Laboratory Technician_Travel_Rarely
34,Travel_Frequently,296,Sales,6,2,Marketing,1,555,4,Female,33,1,1,Sales Representative,3,Divorced,2351,12253,0,Y,0,16,3,4,80,1,3,3,2,2,2,1,0,3,7.346875,32,1,2.8,2022,26-35,Desempeño Medio,Rojo,No_Divorced,0,Sales Representative_Travel_Frequently
34,Travel_Rarely,1107,Human Resources,9,4,Technical Degree,1,1467,1,Female,52,3,1,Human Resources,3,Married,2742,3072,1,Y,0,15,3,4,80,0,2,0,3,2,2,2,2,2,8.56875,32,2,2.8,2022,26-35,Desempeño Medio,Rojo,No_Married,0,Human Resources_Travel_Rarely
27,Travel_Rarely,205,Sales,10,3,Marketing,1,1403,4,Female,98,2,2,Sales Executive,4,Married,5769,7100,1,Y,1,11,3,4,80,0,6,3,3,6,2,4,4,2,18.028125,21,4,3.4,2018,26-35,Desempeño Medio,Verde,Yes_Married,1,Sales Executive_Travel_Rarely
29,Travel_Rarely,1176,Sales,3,2,Medical,1,690,2,Female,62,3,2,Sales Executive,3,Married,5561,3487,1,Y,0,14,3,1,80,1,6,5,2,6,0,1,2,0,17.378125,23,1,2.2,2018,26-35,Desempeño Medio,Verde,No_Married,0,Sales Executive_Travel_Rarely
31,Travel_Rarely,202,Research & Development,8,3,Life Sciences,1,1433,1,Female,34,2,1,Research Scientist,2,Single,1261,22262,1,Y,0,12,3,3,80,0,1,3,4,1,0,0,0,0,3.940625,30,0,2.4,2023,26-35,Desempeño Bajo,Rojo,No_Single,0,Research Scientist_Travel_Rarely
30,Travel_Frequently,1012,Research & Development,5,4,Life Sciences,1,861,2,Male,75,2,1,Research Scientist,4,Divorced,3761,2373,9,Y,0,12,3,2,80,1,10,3,2,5,4,0,3,9,11.753125,25,0,2.4,2019,26-35,Desempeño Medio,Verde,No_Divorced,0,Research Scientist_Travel_Frequently
27,Travel_Rarely,1103,Research & Development,14,3,Life Sciences,1,1244,1,Male,42,3,1,Research Scientist,1,Married,2235,14377,1,Y,1,14,3,4,80,2,9,3,2,9,7,6,8,7,6.984375,18,6,2.2,2015,26-35,Desempeño Bajo,Naranja,Yes_Married,1,Research Scientist_Travel_Rarely
36,Travel_Rarely,913,Research & Development,9,2,Medical,1,699,2,Male,48,2,2,Manufacturing Director,2,Divorced,8847,13934,2,Y,1,11,3,3,80,1,13,2,3,3,2,0,2,12,27.646875,33,0,2.4,2021,36-45,Desempeño Bajo,Naranja,Yes_Divorced,1,Manufacturing Director_Travel_Rarely
22,Travel_Rarely,534,Research & Development,15,3,Medical,1,144,2,Female,59,3,1,Laboratory Technician,4,Single,2871,23785,1,Y,0,15,3,3,80,0,1,5,3,0,0,0,0,1,8.971875,22,0,3.0,2024,18-25,Desempeño Medio,Verde,No_Single,0,Laboratory Technician_Travel_Rarely
18,Non-Travel,1431,Research & Development,14,3,Medical,1,1839,2,Female,33,3,1,Research Scientist,3,Single,1514,8018,1,Y,0,16,3,3,80,0,0,4,1,0,0,0,0,0,4.73125,18,0,2.4,2024,18-25,Desempeño Medio,Verde,No_Single,0,Research Scientist_Non-Travel
37,Travel_Rarely,1225,Research & Development,10,2,Life Sciences,1,715,4,Male,80,4,1,Research Scientist,4,Single,4680,15232,3,Y,0,17,3,1,80,0,4,2,3,1,0,0,0,3,14.625,36,0,3.2,2023,36-45,Desempeño Medio,Verde,No_Single,0,Research Scientist_Travel_Rarely
55,Travel_Rarely,692,Research & Development,14,4,Medical,1,254,3,Male,61,4,5,Research Director,2,Single,18722,13339,8,Y,0,11,3,4,80,0,36,3,3,24,15,2,15,27,58.50625,31,2,3.2,2000,56-65,Desempeño Bajo,Naranja,No_Single,0,Research Director_Travel_Rarely
35,Travel_Rarely,950,Research & Development,7,3,Other,1,845,3,Male,59,3,3,Manufacturing Director,3,Single,10221,18869,3,Y,0,21,4,2,80,0,17,3,4,8,5,1,6,14,31.940625,27,1,3.0,2016,36-45,Desempeño Medio,Verde,No_Single,0,Manufacturing Director_Travel_Rarely
29,Travel_Rarely,1086,Research & Development,7,1,Medical,1,912,1,Female,62,2,1,Laboratory Technician,4,Divorced,2532,6054,6,Y,0,14,3,3,80,3,8,5,3,4,3,0,3,7,7.9125,25,0,2.6,2020,26-35,Desempeño Medio,Verde,No_Divorced,0,Laboratory Technician_Travel_Rarely
53,Travel_Rarely,447,Research & Development,2,3,Medical,1,1472,4,Male,39,4,4,Research Director,2,Single,16598,19764,4,Y,0,12,3,2,80,0,35,2,2,9,8,8,8,34,51.86875,44,8,2.8,2015,46-55,Desempeño Bajo,Naranja,No_Single,0,Research Director_Travel_Rarely
32,Non-Travel,953,Research & Development,5,4,Technical Degree,1,1764,2,Male,65,3,1,Research Scientist,2,Single,2718,17674,2,Y,0,14,3,2,80,0,12,3,3,7,7,0,7,12,8.49375,25,0,2.4,2017,26-35,Desempeño Bajo,Naranja,No_Single,0,Research Scientist_Non-Travel
43,Travel_Frequently,957,Research & Development,28,3,Medical,1,171,2,Female,72,4,1,Research Scientist,3,Single,4739,16090,4,Y,0,12,3,4,80,0,18,2,3,3,2,1,2,17,14.809375,40,1,3.2,2021,36-45,Desempeño Medio,Verde,No_Single,0,Research Scientist_Travel_Frequently
39,Non-Travel,439,Research & Development,9,3,Life Sciences,1,1132,3,Male,70,3,2,Laboratory Technician,2,Single,6782,8770,9,Y,0,15,3,3,80,0,9,2,2,5,4,0,3,8,21.19375,34,0,2.6,2019,36-45,Desempeño Bajo,Naranja,No_Single,0,Laboratory Technician_Non-Travel
42,Non-Travel,179,Human Resources,2,5,Medical,1,1231,4,Male,79,4,2,Human Resources,1,Married,6272,12858,7,Y,0,16,3,1,80,1,10,3,4,4,3,0,3,9,19.6,38,0,2.8,2020,36-45,Desempeño Bajo,Naranja,No_Married,0,Human Resources_Non-Travel
31,Non-Travel,1188,Sales,20,2,Marketing,1,947,4,Female,45,3,2,Sales Executive,3,Married,6932,24406,1,Y,0,13,3,4,80,1,9,2,2,9,8,0,0,8,21.6625,22,0,3.2,2015,26-35,Desempeño Medio,Verde,No_Married,0,Sales Executive_Non-Travel
29,Travel_Rarely,341,Sales,1,3,Medical,1,896,2,Female,48,2,1,Sales Representative,3,Divorced,2800,23522,6,Y,1,19,3,3,80,3,5,3,3,3,2,0,2,4,8.75,26,0,2.6,2021,26-35,Desempeño Medio,Rojo,Yes_Divorced,1,Sales Representative_Travel_Rarely
31,Travel_Rarely,688,Sales,7,3,Life Sciences,1,613,3,Male,44,2,3,Manager,4,Divorced,11557,25291,9,Y,0,21,4,3,80,1,10,3,2,5,4,0,1,9,36.115625,26,0,2.8,2019,26-35,Unicornios,Verde,No_Divorced,0,Manager_Travel_Rarely
21,Travel_Rarely,337,Sales,7,1,Marketing,1,1780,2,Male,31,3,1,Sales Representative,2,Single,2679,4567,1,Y,0,13,3,2,80,0,1,3,3,1,0,1,0,0,8.371875,20,1,2.4,2023,18-25,Desempeño Bajo,Rojo,No_Single,0,Sales Representative_Travel_Rarely
34,Travel_Rarely,1442,Research & Development,9,3,Medical,1,717,4,Female,46,2,3,Healthcare Representative,2,Single,8621,17654,1,Y,0,14,3,2,80,0,9,3,4,8,7,7,7,8,26.940625,26,7,2.8,2016,26-35,Desempeño Bajo,Naranja,No_Single,0,Healthcare Representative_Travel_Rarely
36,Travel_Rarely,311,Research & Development,7,3,Life Sciences,1,1659,1,Male,77,3,1,Laboratory Technician,2,Single,2013,10950,2,Y,0,11,3,3,80,0,15,4,3,4,3,1,3,14,6.290625,32,1,2.4,2020,36-45,Desempeño Bajo,Naranja,No_Single,0,Laboratory Technician_Travel_Rarely
34,Non-Travel,967,Research & Development,16,4,Technical Degree,1,1905,4,Male,85,1,1,Research Scientist,1,Married,2307,14460,1,Y,1,23,4,2,80,1,5,2,3,5,2,3,0,2,7.209375,29,3,2.2,2019,26-35,Desempeño Bajo,Rojo,Yes_Married,1,Research Scientist_Non-Travel
35,Travel_Rarely,1370,Research & Development,27,4,Life Sciences,1,1728,4,Male,49,3,2,Manufacturing Director,3,Married,6883,5151,2,Y,0,16,3,2,80,1,17,3,3,7,7,0,7,17,21.509375,28,0,3.0,2017,36-45,Desempeño Medio,Verde,No_Married,0,Manufacturing Director_Travel_Rarely
59,Travel_Rarely,715,Research & Development,2,3,Life Sciences,1,1032,3,Female,69,2,4,Manufacturing Director,4,Single,13726,21829,3,Y,1,13,3,1,80,0,30,4,3,5,3,4,3,28,42.89375,54,4,2.6,2019,56-65,Desempeño Medio,Verde,Yes_Single,1,Manufacturing Director_Travel_Rarely
45,Travel_Rarely,1268,Sales,4,2,Life Sciences,1,240,3,Female,30,3,2,Sales Executive,1,Divorced,5006,6319,4,Y,1,11,3,1,80,1,9,3,4,5,4,0,3,8,15.64375,40,0,2.4,2019,46-55,Desempeño Bajo,Naranja,Yes_Divorced,1,Sales Executive_Travel_Rarely
30,Travel_Rarely,946,Research & Development,2,3,Medical,1,833,3,Female,52,2,2,Manufacturing Director,4,Single,6877,20234,5,Y,1,24,4,2,80,0,12,4,2,0,0,0,0,12,21.490625,30,0,2.6,2024,26-35,Unicornios,Verde,Yes_Single,1,Manufacturing Director_Travel_Rarely
37,Travel_Rarely,124,Research & Development,3,3,Other,1,1062,4,Female,35,3,2,Healthcare Representative,2,Single,4107,13848,3,Y,0,15,3,1,80,0,8,3,2,4,3,0,1,7,12.834375,33,0,2.4,2020,36-45,Desempeño Bajo,Naranja,No_Single,0,Healthcare Representative_Travel_Rarely
31,Travel_Rarely,746,Research & Development,8,4,Life Sciences,1,98,3,Female,61,3,2,Manufacturing Director,4,Single,4424,20682,1,Y,0,23,4,4,80,0,11,2,3,11,7,1,8,7,13.825,20,1,3.4,2013,26-35,Unicornios,Verde,No_Single,0,Manufacturing Director_Travel_Rarely
34,Non-Travel,999,Research & Development,26,1,Technical Degree,1,1374,1,Female,92,2,1,Research Scientist,3,Divorced,2029,15891,1,Y,0,20,4,3,80,3,5,2,3,5,4,0,0,4,6.340625,29,0,2.4,2019,26-35,Desempeño Medio,Verde,No_Divorced,0,Research Scientist_Non-Travel
36,Travel_Frequently,1213,Human Resources,2,1,Human Resources,1,1890,2,Male,94,2,2,Human Resources,4,Single,3886,4223,1,Y,0,21,4,4,80,0,10,2,2,10,1,0,8,1,12.14375,26,0,2.8,2014,36-45,Unicornios,Verde,No_Single,0,Human Resources_Travel_Frequently
36,Travel_Rarely,1278,Human Resources,8,3,Life Sciences,1,878,1,Male,77,2,1,Human Resources,1,Married,2342,8635,0,Y,0,21,4,3,80,0,6,3,3,5,4,0,3,5,7.31875,31,0,2.0,2019,36-45,Desempeño Bajo,Naranja,No_Married,0,Human Resources_Travel_Rarely
49,Travel_Rarely,464,Research & Development,16,3,Medical,1,1674,4,Female,74,3,1,Laboratory Technician,1,Divorced,2587,24941,4,Y,1,16,3,2,80,1,17,2,2,2,2,2,2,17,8.084375,47,2,2.4,2022,46-55,Desempeño Bajo,Naranja,Yes_Divorced,1,Laboratory Technician_Travel_Rarely
49,Travel_Rarely,1490,Research & Development,7,4,Life Sciences,1,1484,3,Male,35,3,3,Healthcare Representative,2,Divorced,10466,20948,3,Y,0,14,3,2,80,2,29,3,3,8,7,0,7,28,32.70625,41,0,2.6,2016,46-55,Desempeño Bajo,Naranja,No_Divorced,0,Healthcare Representative_Travel_Rarely
35,Travel_Rarely,1029,Research & Development,16,3,Life Sciences,1,1529,4,Female,91,2,3,Healthcare Representative,2,Single,8606,21195,1,Y,0,19,3,4,80,0,11,3,1,11,8,3,3,8,26.89375,24,3,2.6,2013,36-45,Desempeño Bajo,Naranja,No_Single,0,Healthcare Representative_Travel_Rarely
36,Travel_Rarely,1174,Sales,3,4,Marketing,1,1425,1,Female,99,3,2,Sales Executive,2,Single,9278,20763,3,Y,1,16,3,4,80,0,15,3,3,5,4,0,1,14,28.99375,31,0,2.6,2019,36-45,Desempeño Bajo,Naranja,Yes_Single,1,Sales Executive_Travel_Rarely
29,Travel_Rarely,408,Research & Development,25,5,Technical Degree,1,565,3,Female,71,2,1,Research Scientist,2,Married,2546,18300,5,Y,0,16,3,2,80,0,6,2,4,2,2,1,1,6,7.95625,27,1,2.6,2022,26-35,Desempeño Bajo,Rojo,No_Married,0,Research Scientist_Travel_Rarely
34,Travel_Rarely,304,Sales,2,3,Other,1,786,4,Male,60,3,2,Sales Executive,4,Single,6274,18686,1,Y,0,22,4,3,80,0,6,5,3,6,5,1,4,5,19.60625,28,1,3.4,2018,26-35,Unicornios,Verde,No_Single,0,Sales Executive_Travel_Rarely
40,Travel_Rarely,444,Sales,2,2,Marketing,1,1986,2,Female,92,3,2,Sales Executive,2,Married,5677,4258,3,Y,0,14,3,3,80,1,15,4,3,11,8,5,10,12,17.740625,29,5,2.6,2013,36-45,Desempeño Bajo,Naranja,No_Married,0,Sales Executive_Travel_Rarely
26,Non-Travel,265,Sales,29,2,Medical,1,1037,2,Male,79,1,2,Sales Executive,1,Single,4969,21813,8,Y,0,18,3,4,80,0,7,6,3,2,2,2,2,7,15.528125,24,2,2.2,2022,26-35,Desempeño Bajo,Rojo,No_Single,0,Sales Executive_Non-Travel
32,Travel_Rarely,548,Research & Development,1,3,Life Sciences,1,96,2,Male,66,3,2,Research Scientist,2,Married,6220,7346,1,Y,0,17,3,2,80,2,10,3,3,10,4,0,9,4,19.4375,22,0,2.4,2014,26-35,Desempeño Bajo,Naranja,No_Married,0,Research Scientist_Travel_Rarely
32,Travel_Rarely,515,Research & Development,1,3,Life Sciences,1,331,4,Male,62,2,1,Laboratory Technician,3,Single,3730,9571,0,Y,1,14,3,4,80,0,4,2,1,3,2,1,2,3,11.65625,29,1,2.8,2021,26-35,Desempeño Medio,Rojo,Yes_Single,1,Laboratory Technician_Travel_Rarely
29,Travel_Rarely,469,Sales,10,3,Medical,1,1650,3,Male,42,2,2,Sales Executive,3,Single,5869,23413,9,Y,0,11,3,3,80,0,8,2,3,5,2,1,4,5,18.340625,24,1,2.8,2019,26-35,Desempeño Medio,Verde,No_Single,0,Sales Executive_Travel_Rarely
35,Travel_Rarely,1204,Sales,4,3,Technical Degree,1,1100,4,Male,86,3,3,Sales Executive,1,Single,9582,10333,0,Y,1,22,4,1,80,0,9,2,3,8,7,4,7,8,29.94375,27,4,2.4,2016,36-45,Desempeño Bajo,Rojo,Yes_Single,1,Sales Executive_Travel_Rarely
45,Travel_Rarely,1448,Research & Development,29,3,Technical Degree,1,1465,2,Male,55,3,3,Manufacturing Director,4,Married,9380,14720,4,Y,1,18,3,4,80,2,10,4,4,3,1,1,2,8,29.3125,42,1,3.4,2021,46-55,Desempeño Medio,Verde,Yes_Married,1,Manufacturing Director_Travel_Rarely
45,Travel_Frequently,1249,Research & Development,7,3,Life Sciences,1,425,1,Male,97,3,3,Laboratory Technician,1,Divorced,5210,20308,1,Y,0,18,3,1,80,1,24,2,3,24,9,9,11,9,16.28125,21,9,1.8,2000,46-55,Desempeño Bajo,Naranja,No_Divorced,0,Laboratory Technician_Travel_Frequently
20,Travel_Frequently,871,Research & Development,6,3,Life Sciences,1,137,4,Female,66,2,1,Laboratory Technician,4,Single,2926,19783,1,Y,1,18,3,2,80,0,1,5,3,1,0,1,0,0,9.14375,19,1,3.0,2023,18-25,Desempeño Medio,Rojo,Yes_Single,1,Laboratory Technician_Travel_Frequently
31,Travel_Rarely,196,Sales,29,4,Marketing,1,1784,1,Female,91,2,2,Sales Executive,4,Married,5468,13402,1,Y,0,14,3,1,80,2,13,3,3,12,7,5,7,8,17.0875,19,5,2.2,2012,26-35,Desempeño Medio,Verde,No_Married,0,Sales Executive_Travel_Rarely
41,Travel_Rarely,802,Sales,9,1,Life Sciences,1,176,3,Male,96,3,3,Sales Executive,3,Divorced,8189,21196,3,Y,1,13,3,3,80,1,12,2,3,9,7,0,7,10,25.590625,32,0,3.0,2015,36-45,Desempeño Medio,Verde,Yes_Divorced,1,Sales Executive_Travel_Rarely
51,Travel_Frequently,1456,Research & Development,1,4,Medical,1,145,1,Female,30,2,3,Healthcare Representative,1,Single,7484,25796,3,Y,0,20,4,3,80,0,23,1,2,13,12,12,8,22,23.3875,38,12,1.8,2011,46-55,Desempeño Bajo,Naranja,No_Single,0,Healthcare Representative_Travel_Frequently
37,Non-Travel,1252,Sales,19,2,Medical,1,904,1,Male,32,3,3,Sales Executive,2,Single,7642,4814,1,Y,1,13,3,4,80,0,10,2,3,10,0,0,9,0,23.88125,27,0,2.6,2014,36-45,Desempeño Bajo,Naranja,Yes_Single,1,Sales Executive_Non-Travel
34,Travel_Rarely,511,Sales,3,2,Life Sciences,1,1779,4,Female,32,1,2,Sales Executive,4,Single,6029,25353,5,Y,0,12,3,1,80,0,6,3,3,2,2,2,2,6,18.840625,32,2,2.6,2022,26-35,Desempeño Medio,Verde,No_Single,0,Sales Executive_Travel_Rarely
42,Travel_Rarely,916,Research & Development,17,2,Life Sciences,1,347,4,Female,82,4,2,Research Scientist,1,Single,6545,23016,3,Y,1,13,3,3,80,0,10,1,3,3,2,0,2,9,20.453125,39,0,3.0,2021,36-45,Desempeño Bajo,Naranja,Yes_Single,1,Research Scientist_Travel_Rarely
34,Travel_Rarely,790,Sales,24,4,Medical,1,1489,1,Female,40,2,2,Sales Executive,2,Single,4599,7815,0,Y,1,23,4,3,80,0,16,2,4,15,9,10,10,10,14.371875,19,10,2.4,2009,26-35,Desempeño Bajo,Rojo,Yes_Single,1,Sales Executive_Travel_Rarely
34,Travel_Rarely,678,Research & Development,19,3,Life Sciences,1,1701,2,Female,35,2,1,Research Scientist,4,Married,2929,20338,1,Y,0,12,3,2,80,0,10,3,3,10,9,8,7,9,9.153125,24,8,2.6,2014,26-35,Desempeño Medio,Verde,No_Married,0,Research Scientist_Travel_Rarely
34,Travel_Rarely,1303,Research & Development,2,4,Life Sciences,1,579,4,Male,62,2,1,Research Scientist,3,Divorced,2768,8416,3,Y,0,12,3,3,80,1,14,3,3,7,3,5,7,10,8.65,27,5,3.0,2017,26-35,Desempeño Medio,Verde,No_Divorced,0,Research Scientist_Travel_Rarely
28,Travel_Frequently,289,Research & Development,2,2,Medical,1,1504,3,Male,38,2,1,Laboratory Technician,1,Single,2561,5355,7,Y,0,11,3,3,80,0,8,2,2,0,0,0,0,8,8.003125,28,0,2.2,2024,26-35,Desempeño Bajo,Rojo,No_Single,0,Laboratory Technician_Travel_Frequently
34,Travel_Frequently,135,Research & Development,19,3,Medical,1,1285,3,Female,46,3,2,Laboratory Technician,2,Divorced,4444,22534,4,Y,0,13,3,3,80,2,15,2,4,11,8,5,10,12,13.8875,23,5,3.0,2013,26-35,Desempeño Bajo,Naranja,No_Divorced,0,Laboratory Technician_Travel_Frequently
31,Travel_Rarely,691,Research & Development,5,4,Technical Degree,1,423,3,Male,86,3,1,Research Scientist,4,Married,4821,10077,0,Y,1,12,3,3,80,1,6,4,3,5,2,0,3,3,15.065625,26,0,3.2,2019,26-35,Desempeño Medio,Verde,Yes_Married,1,Research Scientist_Travel_Rarely
31,Travel_Rarely,1232,Research & Development,7,4,Medical,1,462,3,Female,39,3,3,Manufacturing Director,4,Single,7143,25713,1,Y,1,14,3,3,80,0,11,2,2,11,9,4,10,9,22.321875,20,4,3.0,2013,26-35,Desempeño Medio,Verde,Yes_Single,1,Manufacturing Director_Travel_Rarely
33,Travel_Rarely,147,Research & Development,4,4,Medical,1,305,3,Female,47,2,1,Research Scientist,2,Married,2622,13248,6,Y,0,21,4,4,80,0,7,3,3,3,2,1,1,6,8.19375,30,1,2.8,2021,26-35,Desempeño Bajo,Naranja,No_Married,0,Research Scientist_Travel_Rarely
33,Travel_Rarely,516,Research & Development,8,5,Life Sciences,1,1515,4,Male,69,3,2,Healthcare Representative,3,Single,6388,22049,2,Y,1,17,3,1,80,0,14,6,3,0,0,0,0,14,19.9625,33,0,2.8,2024,26-35,Desempeño Medio,Verde,Yes_Single,1,Healthcare Representative_Travel_Rarely
35,Travel_Rarely,622,Research & Development,14,4,Other,1,1010,3,Male,39,2,1,Laboratory Technician,2,Divorced,3743,10074,1,Y,1,24,4,4,80,1,5,2,1,4,2,0,2,3,11.696875,31,0,2.4,2020,36-45,Desempeño Bajo,Rojo,Yes_Divorced,1,Laboratory Technician_Travel_Rarely
53,Travel_Rarely,1070,Research & Development,3,4,Medical,1,386,3,Male,45,3,4,Research Director,3,Married,17584,21016,3,Y,1,16,3,4,80,3,21,5,2,5,3,1,3,19,54.95,48,1,3.0,2019,46-55,Desempeño Medio,Verde,Yes_Married,1,Research Director_Travel_Rarely
28,Travel_Rarely,1083,Research & Development,29,1,Life Sciences,1,1514,3,Male,96,1,2,Manufacturing Director,2,Married,6549,3173,1,Y,0,14,3,2,80,2,8,2,2,8,6,1,7,6,20.465625,20,1,2.0,2016,26-35,Desempeño Bajo,Naranja,No_Married,0,Manufacturing Director_Travel_Rarely
30,Travel_Rarely,911,Research & Development,1,2,Medical,1,1989,4,Male,76,3,1,Laboratory Technician,2,Married,3748,4077,1,Y,0,13,3,3,80,0,12,6,2,12,8,1,7,8,11.7125,18,1,2.8,2012,26-35,Desempeño Bajo,Naranja,No_Married,0,Laboratory Technician_Travel_Rarely
42,Travel_Rarely,647,Sales,4,4,Marketing,1,1171,2,Male,45,3,2,Sales Executive,1,Single,5155,2253,7,Y,0,13,3,4,80,0,9,3,4,6,4,1,5,7,16.109375,36,1,2.8,2018,36-45,Desempeño Bajo,Naranja,No_Single,0,Sales Executive_Travel_Rarely
29,Travel_Frequently,410,Research & Development,2,1,Life Sciences,1,1513,4,Female,97,3,1,Laboratory Technician,2,Married,3180,4668,0,Y,0,13,3,3,80,3,4,3,3,3,2,0,2,3,9.9375,26,0,3.0,2021,26-35,Desempeño Bajo,Naranja,No_Married,0,Laboratory Technician_Travel_Frequently
40,Travel_Frequently,593,Research & Development,9,4,Medical,1,1166,2,Female,88,3,3,Research Director,3,Single,13499,13782,9,Y,0,17,3,3,80,0,20,3,2,18,7,2,13,9,42.184375,22,2,2.6,2006,36-45,Desempeño Medio,Verde,No_Single,0,Research Director_Travel_Frequently
49,Travel_Rarely,1184,Sales,11,3,Marketing,1,840,3,Female,43,3,3,Sales Executive,4,Married,7654,5860,1,Y,0,18,3,1,80,2,9,3,4,9,8,7,7,8,23.91875,40,7,3.0,2015,46-55,Desempeño Medio,Rojo,No_Married,0,Sales Executive_Travel_Rarely
55,Travel_Rarely,267,Sales,13,4,Marketing,1,1372,1,Male,85,4,4,Sales Executive,3,Single,13695,9277,6,Y,1,17,3,3,80,0,24,2,2,19,7,3,8,12,42.796875,36,3,2.6,2005,56-65,Desempeño Medio,Rojo,Yes_Single,1,Sales Executive_Travel_Rarely
53,Travel_Rarely,102,Research & Development,23,4,Life Sciences,1,901,4,Female,72,3,4,Research Director,4,Single,14275,20206,6,Y,0,18,3,3,80,0,33,0,3,12,9,3,8,30,44.609375,41,3,3.4,2012,46-55,Desempeño Medio,Verde,No_Single,0,Research Director_Travel_Rarely
47,Non-Travel,666,Research & Development,29,4,Life Sciences,1,376,1,Male,88,3,3,Manager,2,Married,11849,10268,1,Y,1,12,3,4,80,1,10,2,2,10,7,9,9,7,37.028125,37,9,2.4,2014,46-55,Desempeño Bajo,Rojo,Yes_Married,1,Manager_Non-Travel
40,Non-Travel,663,Research & Development,9,4,Other,1,1449,3,Male,81,3,2,Laboratory Technician,3,Divorced,3975,23099,3,Y,0,11,3,3,80,2,11,2,4,8,7,0,7,10,12.421875,32,0,3.2,2016,36-45,Desempeño Medio,Verde,No_Divorced,0,Laboratory Technician_Non-Travel
44,Travel_Rarely,661,Research & Development,9,2,Life Sciences,1,913,2,Male,61,3,1,Research Scientist,1,Married,2559,7508,1,Y,1,13,3,4,80,0,8,0,3,8,7,7,1,7,7.996875,36,7,2.6,2016,36-45,Desempeño Bajo,Naranja,Yes_Married,1,Research Scientist_Travel_Rarely
39,Travel_Rarely,722,Sales,24,1,Marketing,1,2056,2,Female,60,2,4,Sales Executive,4,Married,12031,8828,0,Y,0,11,3,1,80,1,21,2,2,20,9,9,6,10,37.596875,19,9,2.2,2004,36-45,Desempeño Medio,Verde,No_Married,0,Sales Executive_Travel_Rarely
30,Travel_Rarely,793,Research & Development,16,1,Life Sciences,1,1729,2,Male,33,3,1,Research Scientist,4,Married,2862,3811,1,Y,0,12,3,2,80,1,10,2,2,10,0,0,8,0,8.94375,20,0,2.6,2014,26-35,Desempeño Medio,Verde,No_Married,0,Research Scientist_Travel_Rarely
38,Travel_Rarely,903,Research & Development,2,3,Medical,1,1573,3,Male,81,3,2,Manufacturing Director,2,Married,4855,7653,4,Y,0,11,3,1,80,2,7,2,3,5,2,1,4,4,15.171875,33,1,2.4,2019,36-45,Desempeño Bajo,Rojo,No_Married,0,Manufacturing Director_Travel_Rarely
49,Travel_Rarely,1098,Research & Development,4,2,Medical,1,1256,1,Male,85,2,5,Manager,3,Married,18711,12124,2,Y,0,13,3,3,80,1,23,2,4,1,0,0,0,22,58.471875,48,0,2.6,2023,46-55,Desempeño Medio,Verde,No_Married,0,Manager_Travel_Rarely
35,Travel_Rarely,660,Sales,7,1,Life Sciences,1,1492,4,Male,76,3,1,Sales Representative,3,Married,2404,16192,1,Y,0,13,3,1,80,1,1,3,3,1,0,0,0,0,7.5125,34,0,2.8,2023,36-45,Desempeño Medio,Verde,No_Married,0,Sales Representative_Travel_Rarely
27,Non-Travel,691,Research & Development,9,3,Medical,1,218,4,Male,57,3,1,Research Scientist,2,Divorced,2024,5970,6,Y,0,18,3,4,80,1,6,1,1,2,2,2,2,6,6.325,25,2,2.8,2022,26-35,Desempeño Bajo,Naranja,No_Divorced,0,Research Scientist_Non-Travel
42,Travel_Frequently,288,Research & Development,2,3,Life Sciences,1,1547,4,Male,40,3,3,Healthcare Representative,4,Married,10124,18611,2,Y,1,14,3,3,80,1,24,3,1,20,8,13,9,12,31.6375,22,13,3.0,2004,36-45,Desempeño Medio,Verde,Yes_Married,1,Healthcare Representative_Travel_Frequently
38,Travel_Rarely,364,Research & Development,3,5,Technical Degree,1,193,4,Female,32,3,2,Research Scientist,3,Single,4317,2302,3,Y,1,20,4,2,80,0,19,2,3,3,2,2,2,18,13.490625,35,2,3.0,2021,36-45,Desempeño Medio,Verde,Yes_Single,1,Research Scientist_Travel_Rarely
44,Travel_Rarely,477,Research & Development,7,4,Medical,1,36,1,Female,42,2,3,Healthcare Representative,4,Married,10248,2094,3,Y,0,14,3,4,80,1,24,4,3,22,6,5,17,8,32.025,22,5,2.8,2002,36-45,Desempeño Medio,Verde,No_Married,0,Healthcare Representative_Travel_Rarely
37,Travel_Frequently,504,Research & Development,10,3,Medical,1,342,1,Male,61,3,3,Manufacturing Director,3,Divorced,10048,22573,6,Y,0,11,3,2,80,2,17,5,3,1,0,0,0,16,31.4,36,0,2.4,2023,36-45,Desempeño Medio,Rojo,No_Divorced,0,Manufacturing Director_Travel_Frequently
39,Travel_Rarely,1162,Sales,3,2,Medical,1,445,4,Female,41,3,2,Sales Executive,3,Married,5238,17778,4,Y,1,18,3,1,80,0,12,3,2,1,0,0,0,11,16.36875,38,0,2.6,2023,36-45,Desempeño Medio,Rojo,Yes_Married,1,Sales Executive_Travel_Rarely
34,Travel_Rarely,1320,Research & Development,20,3,Technical Degree,1,1265,3,Female,89,4,1,Research Scientist,3,Married,2585,21643,0,Y,0,17,3,4,80,0,2,5,2,1,0,0,0,1,8.078125,33,0,3.2,2023,26-35,Desempeño Medio,Verde,No_Married,0,Research Scientist_Travel_Rarely
18,Travel_Frequently,544,Sales,3,2,Medical,1,1624,2,Female,70,3,1,Sales Representative,4,Single,1569,18420,1,Y,1,12,3,3,80,0,0,2,4,0,0,0,0,0,4.903125,18,0,3.2,2024,18-25,Desempeño Medio,Rojo,Yes_Single,1,Sales Representative_Travel_Frequently
30,Travel_Rarely,241,Research & Development,7,3,Medical,1,1609,2,Male,48,2,1,Research Scientist,2,Married,2141,5348,1,Y,0,12,3,2,80,1,6,3,2,6,4,1,1,4,6.690625,24,1,2.0,2018,26-35,Desempeño Bajo,Naranja,No_Married,0,Research Scientist_Travel_Rarely
40,Travel_Rarely,555,Research & Development,2,3,Medical,1,521,2,Female,78,2,2,Laboratory Technician,3,Married,3448,13436,6,Y,0,22,4,2,80,1,20,3,3,1,0,0,0,19,10.775,39,0,2.4,2023,36-45,Desempeño Medio,Verde,No_Married,0,Laboratory Technician_Travel_Rarely
29,Travel_Rarely,992,Research & Development,1,3,Technical Degree,1,300,3,Male,85,3,1,Research Scientist,3,Single,2058,19757,0,Y,0,14,3,4,80,0,7,1,2,6,2,1,5,3,6.43125,23,1,3.0,2018,26-35,Desempeño Medio,Rojo,No_Single,0,Research Scientist_Travel_Rarely
34,Travel_Rarely,1333,Sales,10,4,Life Sciences,1,1055,3,Female,87,3,1,Sales Representative,3,Married,2220,18410,1,Y,1,19,3,4,80,1,1,2,3,1,1,0,0,1,6.9375,33,0,3.2,2023,26-35,Desempeño Medio,Verde,Yes_Married,1,Sales Representative_Travel_Rarely
29,Travel_Rarely,1328,Research & Development,2,3,Life Sciences,1,94,3,Male,76,3,1,Research Scientist,2,Married,2703,4956,0,Y,0,23,4,4,80,1,6,3,3,5,4,0,4,5,8.446875,24,0,3.0,2019,26-35,Desempeño Bajo,Naranja,No_Married,0,Research Scientist_Travel_Rarely
55,Travel_Rarely,1311,Research & Development,2,3,Life Sciences,1,505,3,Female,97,3,4,Manager,4,Single,16659,23258,2,Y,1,13,3,3,80,0,30,2,3,5,4,1,2,29,52.059375,50,1,3.2,2019,56-65,Desempeño Medio,Verde,Yes_Single,1,Manager_Travel_Rarely
40,Non-Travel,1094,Sales,28,3,Other,1,615,3,Male,58,1,3,Sales Executive,1,Divorced,10932,11373,3,Y,0,15,3,3,80,1,20,2,3,1,0,0,1,19,34.1625,39,0,2.2,2023,36-45,Desempeño Bajo,Naranja,No_Divorced,0,Sales Executive_Non-Travel
34,Travel_Rarely,181,Research & Development,2,4,Medical,1,1755,4,Male,97,4,1,Research Scientist,4,Married,2932,5586,0,Y,1,14,3,1,80,3,6,3,3,5,0,1,2,1,9.1625,29,1,3.2,2019,26-35,Desempeño Medio,Verde,Yes_Married,1,Research Scientist_Travel_Rarely
25,Travel_Rarely,1280,Research & Development,7,1,Medical,1,143,4,Male,64,2,1,Research Scientist,4,Married,2889,26897,1,Y,0,11,3,3,80,2,2,2,3,2,2,2,1,2,9.028125,23,2,3.2,2022,26-35,Desempeño Medio,Verde,No_Married,0,Research Scientist_Travel_Rarely
52,Travel_Rarely,266,Sales,2,1,Marketing,1,1038,1,Female,57,1,5,Manager,4,Married,19845,25846,1,Y,0,15,3,4,80,1,33,3,3,32,14,6,9,15,62.015625,20,6,2.6,1992,46-55,Desempeño Medio,Rojo,No_Married,0,Manager_Travel_Rarely
56,Travel_Rarely,310,Research & Development,7,2,Technical Degree,1,2032,4,Male,72,3,1,Laboratory Technician,3,Married,2339,3666,8,Y,0,11,3,4,80,1,14,4,1,10,9,9,8,13,7.309375,46,9,3.0,2014,56-65,Desempeño Medio,Rojo,No_Married,0,Laboratory Technician_Travel_Rarely
28,Travel_Rarely,1300,Research & Development,17,2,Medical,1,536,3,Male,79,3,2,Laboratory Technician,1,Divorced,4558,13535,1,Y,0,12,3,4,80,1,10,2,3,10,0,1,8,0,14.24375,18,1,2.8,2014,26-35,Desempeño Bajo,Naranja,No_Divorced,0,Laboratory Technician_Travel_Rarely
44,Non-Travel,381,Research & Development,24,3,Medical,1,744,1,Male,49,1,1,Laboratory Technician,3,Single,3708,2104,2,Y,0,14,3,3,80,0,9,5,3,5,2,1,4,6,11.5875,39,1,2.2,2019,36-45,Desempeño Medio,Verde,No_Single,0,Laboratory Technician_Non-Travel
31,Travel_Frequently,1060,Sales,1,3,Life Sciences,1,1331,4,Female,54,3,1,Sales Representative,2,Single,2302,8319,1,Y,1,11,3,1,80,0,3,2,4,3,2,2,2,2,7.19375,28,2,2.8,2021,26-35,Desempeño Bajo,Rojo,Yes_Single,1,Sales Representative_Travel_Frequently
36,Travel_Rarely,660,Research & Development,15,3,Other,1,1052,1,Male,81,3,2,Laboratory Technician,3,Divorced,4834,7858,7,Y,0,14,3,2,80,1,9,3,2,1,0,0,0,8,15.10625,35,0,2.2,2023,36-45,Desempeño Medio,Rojo,No_Divorced,0,Laboratory Technician_Travel_Rarely
22,Non-Travel,1123,Research & Development,16,2,Medical,1,22,4,Male,96,4,1,Laboratory Technician,4,Divorced,2935,7324,1,Y,1,13,3,2,80,2,1,2,2,1,0,0,0,0,9.171875,21,0,3.2,2023,18-25,Desempeño Medio,Verde,Yes_Divorced,1,Laboratory Technician_Non-Travel
59,Travel_Rarely,326,Sales,3,3,Life Sciences,1,1254,3,Female,48,2,2,Sales Executive,4,Single,5171,16490,5,Y,0,17,3,4,80,0,13,2,3,6,1,0,5,8,16.159375,53,0,3.2,2018,56-65,Desempeño Medio,Verde,No_Single,0,Sales Executive_Travel_Rarely
45,Non-Travel,248,Research & Development,23,2,Life Sciences,1,1002,4,Male,42,3,2,Laboratory Technician,1,Married,3633,14039,1,Y,1,15,3,3,80,1,9,2,3,9,8,0,8,8,11.353125,36,0,2.8,2015,46-55,Desempeño Bajo,Naranja,Yes_Married,1,Laboratory Technician_Non-Travel
29,Travel_Rarely,153,Research & Development,15,2,Life Sciences,1,15,4,Female,49,2,2,Laboratory Technician,3,Single,4193,12682,0,Y,1,12,3,4,80,0,10,3,3,9,5,0,8,6,13.103125,20,0,3.2,2015,26-35,Desempeño Medio,Verde,Yes_Single,1,Laboratory Technician_Travel_Rarely
33,Travel_Frequently,970,Sales,7,3,Life Sciences,1,1114,4,Female,30,3,2,Sales Executive,2,Married,4302,13401,0,Y,0,17,3,3,80,1,4,3,3,3,2,0,2,3,13.44375,30,0,3.0,2021,26-35,Desempeño Bajo,Naranja,No_Married,0,Sales Executive_Travel_Frequently
29,Travel_Rarely,1210,Sales,2,3,Medical,1,366,1,Male,78,2,2,Sales Executive,2,Married,6644,3687,2,Y,0,19,3,2,80,2,10,2,3,0,0,0,0,10,20.7625,29,0,2.0,2024,26-35,Desempeño Bajo,Naranja,No_Married,0,Sales Executive_Travel_Rarely
39,Travel_Rarely,1462,Sales,6,3,Medical,1,1588,4,Male,38,4,3,Sales Executive,3,Married,8237,4658,2,Y,0,11,3,1,80,1,11,3,3,7,6,7,6,10,25.740625,32,7,3.0,2017,36-45,Desempeño Medio,Verde,No_Married,0,Sales Executive_Travel_Rarely
30,Travel_Rarely,852,Sales,10,3,Marketing,1,1179,3,Male,72,2,2,Sales Executive,3,Married,6578,2706,1,Y,0,18,3,1,80,1,10,3,3,10,3,1,4,3,20.55625,20,1,2.4,2014,26-35,Desempeño Medio,Verde,No_Married,0,Sales Executive_Travel_Rarely
32,Travel_Rarely,120,Research & Development,6,5,Life Sciences,1,231,3,Male,43,3,1,Research Scientist,3,Single,3038,12430,3,Y,0,20,4,1,80,0,8,2,3,5,4,1,4,7,9.49375,27,1,2.6,2019,26-35,Desempeño Medio,Verde,No_Single,0,Research Scientist_Travel_Rarely
42,Travel_Frequently,748,Research & Development,9,2,Medical,1,1480,1,Female,74,3,1,Laboratory Technician,4,Single,3673,16458,1,Y,0,13,3,3,80,0,12,3,3,12,9,5,8,9,11.478125,30,5,2.8,2012,36-45,Desempeño Medio,Verde,No_Single,0,Laboratory Technician_Travel_Frequently
27,Travel_Frequently,994,Sales,8,3,Life Sciences,1,56,4,Male,37,3,3,Sales Executive,3,Single,8726,2975,1,Y,0,15,3,4,80,0,9,0,3,9,8,1,7,8,27.26875,18,1,3.4,2015,26-35,Desempeño Medio,Verde,No_Single,0,Sales Executive_Travel_Frequently
42,Travel_Rarely,622,Research & Development,2,4,Life Sciences,1,659,3,Female,81,3,2,Healthcare Representative,4,Married,4089,5718,1,Y,0,13,3,2,80,2,10,4,3,10,2,2,2,2,12.778125,32,2,3.0,2014,36-45,Desempeño Medio,Verde,No_Married,0,Healthcare Representative_Travel_Rarely
45,Travel_Rarely,788,Human Resources,24,4,Medical,1,1049,2,Male,36,3,1,Human Resources,2,Single,2177,8318,1,Y,0,16,3,1,80,0,6,3,3,6,3,0,4,3,6.803125,39,0,2.2,2018,46-55,Desempeño Bajo,Naranja,No_Single,0,Human Resources_Travel_Rarely
24,Travel_Rarely,506,Research & Development,29,1,Medical,1,1725,2,Male,91,3,1,Laboratory Technician,1,Divorced,3907,3622,1,Y,0,13,3,2,80,3,6,2,4,6,2,1,2,2,12.209375,18,1,2.4,2018,18-25,Desempeño Bajo,Naranja,No_Divorced,0,Laboratory Technician_Travel_Rarely
44,Travel_Rarely,1488,Sales,1,5,Marketing,1,68,2,Female,75,3,2,Sales Executive,1,Divorced,5454,4009,5,Y,1,21,4,3,80,1,9,2,2,4,3,1,3,8,17.04375,40,1,2.2,2020,36-45,Desempeño Bajo,Naranja,Yes_Divorced,1,Sales Executive_Travel_Rarely
40,Travel_Frequently,902,Research & Development,26,2,Medical,1,1180,3,Female,92,2,2,Research Scientist,4,Married,4422,21203,3,Y,1,13,3,4,80,1,16,3,1,1,1,0,0,16,13.81875,39,0,2.8,2023,36-45,Desempeño Medio,Verde,Yes_Married,1,Research Scientist_Travel_Frequently
47,Travel_Frequently,719,Sales,27,2,Life Sciences,1,785,2,Female,77,4,2,Sales Executive,3,Single,6397,10339,4,Y,1,12,3,4,80,0,8,2,3,5,4,1,3,7,19.990625,42,1,3.2,2019,46-55,Desempeño Medio,Rojo,Yes_Single,1,Sales Executive_Travel_Frequently
28,Travel_Rarely,1158,Research & Development,9,3,Medical,1,377,4,Male,94,3,1,Research Scientist,4,Married,2070,2613,1,Y,0,23,4,4,80,1,5,3,2,5,2,0,4,2,6.46875,23,0,3.4,2019,26-35,Unicornios,Verde,No_Married,0,Research Scientist_Travel_Rarely
49,Travel_Rarely,722,Research & Development,25,4,Life Sciences,1,1617,3,Female,84,3,1,Laboratory Technician,1,Married,3211,22102,1,Y,0,14,3,4,80,1,10,3,2,9,6,1,4,7,10.034375,40,1,2.6,2015,46-55,Desempeño Bajo,Naranja,No_Married,0,Laboratory Technician_Travel_Rarely
37,Travel_Rarely,482,Research & Development,3,3,Other,1,689,3,Male,36,3,3,Manufacturing Director,3,Married,9434,9606,1,Y,0,15,3,3,80,1,10,2,3,10,7,7,8,7,29.48125,27,7,3.0,2014,36-45,Desempeño Medio,Verde,No_Married,0,Manufacturing Director_Travel_Rarely
56,Travel_Rarely,1255,Research & Development,1,2,Life Sciences,1,1441,1,Female,90,3,1,Research Scientist,1,Married,2066,10494,2,Y,0,22,4,4,80,1,5,3,4,3,2,1,0,4,6.45625,53,1,2.6,2021,56-65,Desempeño Bajo,Naranja,No_Married,0,Research Scientist_Travel_Rarely
37,Travel_Rarely,571,Research & Development,10,1,Life Sciences,1,802,4,Female,82,3,1,Research Scientist,1,Divorced,2782,19905,0,Y,1,13,3,2,80,2,6,3,2,5,3,4,3,4,8.69375,32,4,2.4,2019,36-45,Desempeño Bajo,Naranja,Yes_Divorced,1,Research Scientist_Travel_Rarely
39,Travel_Rarely,524,Research & Development,18,2,Life Sciences,1,1322,1,Male,32,3,2,Manufacturing Director,3,Single,4534,13352,0,Y,0,11,3,1,80,0,9,6,3,8,7,1,7,8,14.16875,31,1,2.2,2016,36-45,Desempeño Medio,Verde,No_Single,0,Manufacturing Director_Travel_Rarely
26,Travel_Rarely,920,Human Resources,20,2,Medical,1,1818,4,Female,69,3,1,Human Resources,2,Married,2148,6889,0,Y,1,11,3,3,80,0,6,3,3,5,1,1,4,2,6.7125,21,1,3.0,2019,26-35,Desempeño Bajo,Rojo,Yes_Married,1,Human Resources_Travel_Rarely
30,Travel_Rarely,570,Sales,5,3,Marketing,1,456,4,Female,30,2,2,Sales Executive,3,Divorced,6118,5431,1,Y,0,13,3,3,80,3,10,2,3,10,9,1,2,9,19.11875,20,1,3.0,2014,26-35,Desempeño Medio,Verde,No_Divorced,0,Sales Executive_Travel_Rarely
35,Non-Travel,727,Research & Development,3,3,Life Sciences,1,704,3,Male,41,2,1,Laboratory Technician,3,Married,1281,16900,1,Y,0,18,3,3,80,2,1,3,3,1,0,0,0,0,4.003125,34,0,2.8,2023,36-45,Desempeño Medio,Verde,No_Married,0,Laboratory Technician_Non-Travel
41,Travel_Frequently,840,Research & Development,9,3,Medical,1,999,1,Male,64,3,5,Research Director,3,Divorced,19419,3735,2,Y,0,17,3,2,80,1,21,2,4,18,16,0,11,19,60.684375,23,0,2.6,2006,36-45,Desempeño Medio,Verde,No_Divorced,0,Research Director_Travel_Frequently
46,Travel_Rarely,430,Research & Development,1,4,Medical,1,1069,4,Male,40,3,5,Research Director,4,Divorced,19627,21445,9,Y,0,17,3,4,80,2,23,0,3,2,2,2,2,23,61.334375,44,2,3.6,2022,46-55,Desempeño Medio,Verde,No_Divorced,0,Research Director_Travel_Rarely
28,Travel_Rarely,821,Sales,5,4,Medical,1,916,1,Male,98,3,2,Sales Executive,4,Single,4908,24252,1,Y,0,14,3,2,80,0,4,3,3,4,2,0,2,2,15.3375,24,0,2.6,2020,26-35,Desempeño Medio,Verde,No_Single,0,Sales Executive_Travel_Rarely
27,Travel_Rarely,1302,Research & Development,19,3,Other,1,1619,4,Male,67,2,1,Laboratory Technician,1,Divorced,4066,16290,1,Y,0,11,3,1,80,2,7,3,3,7,7,0,7,7,12.70625,20,0,2.2,2017,26-35,Desempeño Bajo,Naranja,No_Divorced,0,Laboratory Technician_Travel_Rarely
35,Travel_Rarely,464,Research & Development,4,2,Other,1,53,3,Male,75,3,1,Laboratory Technician,4,Divorced,1951,10910,1,Y,0,12,3,3,80,1,1,3,3,1,0,0,0,0,6.096875,34,0,3.2,2023,36-45,Desempeño Medio,Verde,No_Divorced,0,Laboratory Technician_Travel_Rarely
32,Travel_Frequently,585,Research & Development,10,3,Life Sciences,1,1720,1,Male,56,3,1,Research Scientist,3,Married,3433,17360,6,Y,0,13,3,1,80,1,10,3,2,5,2,1,3,7,10.728125,27,1,2.0,2019,26-35,Desempeño Medio,Verde,No_Married,0,Research Scientist_Travel_Frequently
27,Travel_Rarely,1055,Research & Development,2,4,Life Sciences,1,1027,1,Female,47,3,2,Manufacturing Director,4,Married,4227,4658,0,Y,0,18,3,2,80,1,4,2,3,3,2,2,2,3,13.209375,24,2,2.6,2021,26-35,Desempeño Medio,Verde,No_Married,0,Manufacturing Director_Travel_Rarely
38,Travel_Rarely,362,Research & Development,1,1,Life Sciences,1,662,3,Female,43,3,1,Research Scientist,1,Single,2619,14561,3,Y,0,17,3,4,80,0,8,3,2,0,0,0,0,8,8.184375,38,0,2.6,2024,36-45,Desempeño Bajo,Naranja,No_Single,0,Research Scientist_Travel_Rarely
44,Travel_Rarely,1112,Human Resources,1,4,Life Sciences,1,665,1,Female,50,2,2,Human Resources,3,Single,5985,26894,4,Y,0,11,3,2,80,0,10,1,4,2,2,0,2,10,18.703125,42,0,2.4,2022,36-45,Desempeño Medio,Verde,No_Single,0,Human Resources_Travel_Rarely
34,Travel_Rarely,629,Research & Development,27,2,Medical,1,247,4,Female,95,3,1,Research Scientist,2,Single,2311,5711,2,Y,0,15,3,4,80,0,9,3,3,3,2,1,2,8,7.221875,31,1,3.2,2021,26-35,Desempeño Bajo,Naranja,No_Single,0,Research Scientist_Travel_Rarely
35,Travel_Rarely,1142,Research & Development,23,4,Medical,1,75,3,Female,30,3,1,Laboratory Technician,1,Married,4014,16002,3,Y,1,15,3,3,80,1,4,3,3,2,2,2,2,4,12.54375,33,2,2.6,2022,36-45,Desempeño Bajo,Naranja,Yes_Married,1,Laboratory Technician_Travel_Rarely
18,Non-Travel,1124,Research & Development,1,3,Life Sciences,1,1368,4,Female,97,3,1,Laboratory Technician,4,Single,1611,19305,1,Y,0,15,3,3,80,0,0,5,4,0,0,0,0,0,5.034375,18,0,3.6,2024,18-25,Desempeño Medio,Verde,No_Single,0,Laboratory Technician_Non-Travel
35,Travel_Frequently,200,Research & Development,18,2,Life Sciences,1,1412,3,Male,60,3,3,Manufacturing Director,4,Single,9362,19944,2,Y,0,11,3,3,80,0,10,2,3,2,2,2,2,10,29.25625,33,2,3.2,2022,36-45,Desempeño Medio,Verde,No_Single,0,Manufacturing Director_Travel_Frequently
29,Travel_Rarely,1401,Research & Development,6,1,Medical,1,1192,2,Female,54,3,1,Laboratory Technician,4,Married,3131,26342,1,Y,0,13,3,1,80,1,10,5,3,10,8,0,8,8,9.784375,19,0,2.6,2014,26-35,Desempeño Medio,Verde,No_Married,0,Laboratory Technician_Travel_Rarely
33,Travel_Frequently,827,Research & Development,1,4,Other,1,998,3,Female,84,4,2,Healthcare Representative,2,Married,5488,20161,1,Y,1,13,3,1,80,1,6,2,3,6,5,1,2,5,17.15,27,1,2.6,2018,26-35,Desempeño Bajo,Naranja,Yes_Married,1,Healthcare Representative_Travel_Frequently
35,Travel_Rarely,195,Sales,1,3,Medical,1,620,1,Female,80,3,2,Sales Executive,3,Single,4859,6698,1,Y,0,16,3,4,80,0,5,3,3,5,4,0,3,4,15.184375,30,0,2.8,2019,36-45,Desempeño Medio,Verde,No_Single,0,Sales Executive_Travel_Rarely
29,Travel_Rarely,1092,Research & Development,1,4,Medical,1,2027,1,Male,36,3,1,Research Scientist,4,Married,4787,26124,9,Y,1,14,3,2,80,3,4,3,4,2,2,2,2,4,14.959375,27,2,2.8,2022,26-35,Desempeño Medio,Rojo,Yes_Married,1,Research Scientist_Travel_Rarely
37,Non-Travel,1063,Research & Development,25,5,Medical,1,529,2,Female,72,3,2,Research Scientist,3,Married,4449,23866,3,Y,1,15,3,1,80,2,15,2,3,13,11,10,7,13,13.903125,24,10,2.4,2011,36-45,Desempeño Medio,Verde,Yes_Married,1,Research Scientist_Non-Travel
26,Travel_Rarely,1167,Sales,5,3,Other,1,2060,4,Female,30,2,1,Sales Representative,3,Single,2966,21378,0,Y,0,18,3,4,80,0,5,2,3,4,2,0,0,3,9.26875,22,0,3.2,2020,26-35,Desempeño Medio,Verde,No_Single,0,Sales Representative_Travel_Rarely
26,Travel_Rarely,841,Research & Development,6,3,Other,1,164,3,Female,46,2,1,Research Scientist,2,Married,2368,23300,1,Y,0,19,3,3,80,0,5,3,2,5,4,4,3,4,7.4,21,4,2.4,2019,26-35,Desempeño Bajo,Naranja,No_Married,0,Research Scientist_Travel_Rarely
29,Travel_Rarely,694,Research & Development,1,3,Life Sciences,1,1264,4,Female,87,2,4,Research Director,4,Divorced,16124,3423,3,Y,0,14,3,2,80,2,9,2,2,7,7,1,7,9,50.3875,22,1,2.8,2017,26-35,Desempeño Medio,Verde,No_Divorced,0,Research Director_Travel_Rarely
39,Travel_Frequently,1218,Research & Development,1,1,Life Sciences,1,531,2,Male,52,3,5,Manager,3,Divorced,19197,8213,1,Y,1,14,3,3,80,1,21,3,3,21,8,1,6,8,59.990625,18,1,2.8,2003,36-45,Desempeño Medio,Verde,Yes_Divorced,1,Manager_Travel_Frequently
34,Travel_Rarely,829,Human Resources,3,2,Human Resources,1,847,3,Male,88,3,1,Human Resources,4,Married,3737,2243,0,Y,0,19,3,3,80,1,4,1,1,3,2,0,2,3,11.678125,31,0,2.8,2021,26-35,Desempeño Medio,Verde,No_Married,0,Human Resources_Travel_Rarely
43,Non-Travel,1344,Research & Development,7,3,Medical,1,262,4,Male,37,4,1,Research Scientist,4,Divorced,2089,5228,4,Y,0,14,3,4,80,3,7,3,4,5,4,2,2,6,6.528125,38,2,4.0,2019,36-45,Desempeño Medio,Verde,No_Divorced,0,Research Scientist_Non-Travel
30,Travel_Frequently,600,Human Resources,8,3,Human Resources,1,1747,3,Female,66,2,1,Human Resources,4,Divorced,2180,9732,6,Y,0,11,3,3,80,1,6,0,2,4,2,1,2,4,6.8125,26,1,2.8,2020,26-35,Desempeño Medio,Rojo,No_Divorced,0,Human Resources_Travel_Frequently
29,Travel_Rarely,942,Research & Development,15,1,Life Sciences,1,1202,2,Female,69,1,1,Research Scientist,4,Married,2168,26933,0,Y,1,18,3,1,80,1,6,2,2,5,4,1,3,5,6.775,24,1,2.0,2019,26-35,Desempeño Medio,Verde,Yes_Married,1,Research Scientist_Travel_Rarely
50,Travel_Rarely,1322,Research & Development,28,3,Life Sciences,1,1317,4,Female,43,3,4,Research Director,1,Married,16880,22422,4,Y,1,11,3,2,80,0,25,2,3,3,2,1,2,24,52.75,47,1,2.6,2021,46-55,Desempeño Bajo,Naranja,Yes_Married,1,Research Director_Travel_Rarely
26,Travel_Rarely,950,Sales,4,4,Marketing,1,401,4,Male,48,2,2,Sales Executive,4,Single,5828,8450,1,Y,1,12,3,2,80,0,8,0,3,8,7,7,4,7,18.2125,18,7,3.0,2016,26-35,Desempeño Medio,Rojo,Yes_Single,1,Sales Executive_Travel_Rarely
35,Travel_Rarely,802,Research & Development,10,3,Other,1,1028,2,Male,45,3,1,Laboratory Technician,4,Divorced,3917,9541,1,Y,0,20,4,1,80,1,3,4,2,3,2,1,2,2,12.240625,32,1,2.4,2021,36-45,Unicornios,Verde,No_Divorced,0,Laboratory Technician_Travel_Rarely
33,Travel_Rarely,931,Research & Development,14,3,Medical,1,252,4,Female,72,3,1,Research Scientist,2,Married,2756,4673,1,Y,0,13,3,4,80,1,8,5,3,8,7,1,6,7,8.6125,25,1,3.2,2016,26-35,Desempeño Bajo,Naranja,No_Married,0,Research Scientist_Travel_Rarely
35,Travel_Rarely,1361,Sales,17,4,Life Sciences,1,1218,3,Male,94,3,2,Sales Executive,1,Married,8966,21026,3,Y,1,15,3,4,80,3,15,2,3,7,7,1,7,15,28.01875,28,1,2.8,2017,36-45,Desempeño Bajo,Naranja,Yes_Married,1,Sales Executive_Travel_Rarely
25,Travel_Rarely,266,Research & Development,1,3,Medical,1,1303,4,Female,40,3,1,Research Scientist,2,Single,2096,18830,1,Y,0,18,3,4,80,0,2,3,2,2,2,2,1,2,6.55,23,2,3.0,2022,26-35,Desempeño Bajo,Naranja,No_Single,0,Research Scientist_Travel_Rarely
41,Travel_Rarely,930,Sales,3,3,Life Sciences,1,2037,3,Male,57,2,2,Sales Executive,2,Divorced,8938,12227,2,Y,0,11,3,3,80,1,14,5,3,5,4,0,4,13,27.93125,36,0,2.6,2019,36-45,Desempeño Bajo,Naranja,No_Divorced,0,Sales Executive_Travel_Rarely
29,Travel_Rarely,1329,Research & Development,7,3,Life Sciences,1,1260,3,Male,82,3,2,Healthcare Representative,4,Divorced,6623,4204,1,Y,1,11,3,2,80,2,6,2,3,6,0,1,0,0,20.696875,23,1,3.0,2018,26-35,Desempeño Medio,Verde,Yes_Divorced,1,Healthcare Representative_Travel_Rarely
24,Travel_Rarely,350,Research & Development,21,2,Technical Degree,1,1551,3,Male,57,2,1,Laboratory Technician,1,Divorced,2296,10036,0,Y,0,14,3,2,80,3,2,3,3,1,1,0,0,2,7.175,23,0,2.2,2023,18-25,Desempeño Bajo,Naranja,No_Divorced,0,Laboratory Technician_Travel_Rarely
53,Travel_Rarely,1376,Sales,2,2,Medical,1,981,3,Male,45,3,4,Manager,3,Divorced,14852,13938,6,Y,0,13,3,3,80,1,22,3,4,17,13,15,2,18,46.4125,36,15,3.2,2007,46-55,Desempeño Medio,Verde,No_Divorced,0,Manager_Travel_Rarely
36,Travel_Rarely,363,Research & Development,1,3,Technical Degree,1,1237,3,Female,77,1,3,Manufacturing Director,1,Divorced,10252,4235,2,Y,1,21,4,3,80,1,17,2,3,7,7,7,7,17,32.0375,29,7,2.2,2017,36-45,Desempeño Bajo,Naranja,Yes_Divorced,1,Manufacturing Director_Travel_Rarely
27,Travel_Frequently,294,Research & Development,10,2,Life Sciences,1,733,4,Male,32,3,3,Manufacturing Director,1,Divorced,8793,4809,1,Y,0,21,4,3,80,2,9,4,2,9,7,1,7,7,27.478125,18,1,2.6,2015,26-35,Desempeño Bajo,Naranja,No_Divorced,0,Manufacturing Director_Travel_Frequently
50,Travel_Rarely,1126,Research & Development,1,2,Medical,1,997,4,Male,66,3,4,Research Director,4,Divorced,17399,6615,9,Y,0,22,4,3,80,1,32,1,2,5,4,1,3,31,54.371875,45,1,3.2,2019,46-55,Unicornios,Verde,No_Divorced,0,Research Director_Travel_Rarely
36,Non-Travel,1351,Research & Development,9,4,Life Sciences,1,1949,1,Male,66,4,1,Laboratory Technician,2,Married,2810,9238,1,Y,0,22,4,2,80,0,5,3,3,5,4,0,2,4,8.78125,31,0,2.4,2019,36-45,Desempeño Bajo,Naranja,No_Married,0,Laboratory Technician_Non-Travel
39,Non-Travel,792,Research & Development,1,3,Life Sciences,1,1737,4,Male,77,3,2,Laboratory Technician,4,Married,6472,8989,1,Y,1,15,3,4,80,1,9,2,3,9,8,5,8,8,20.225,30,5,3.6,2015,36-45,Desempeño Medio,Verde,Yes_Married,1,Laboratory Technician_Non-Travel
26,Travel_Rarely,703,Sales,28,2,Marketing,1,641,1,Male,66,3,2,Sales Executive,2,Married,6272,7428,1,Y,0,20,4,4,80,2,6,5,4,5,3,1,4,4,19.6,21,1,2.8,2019,26-35,Desempeño Bajo,Naranja,No_Married,0,Sales Executive_Travel_Rarely
25,Travel_Rarely,622,Sales,13,1,Medical,1,645,2,Male,40,3,1,Sales Representative,3,Married,2096,26376,1,Y,0,11,3,3,80,0,7,1,3,7,4,0,6,4,6.55,18,0,2.8,2017,26-35,Desempeño Medio,Verde,No_Married,0,Sales Representative_Travel_Rarely
35,Travel_Rarely,755,Research & Development,9,4,Life Sciences,1,496,3,Male,97,2,2,Healthcare Representative,2,Single,6540,19394,9,Y,0,19,3,3,80,0,10,5,3,1,1,0,0,10,20.4375,34,0,2.6,2023,36-45,Desempeño Bajo,Naranja,No_Single,0,Healthcare Representative_Travel_Rarely
30,Travel_Rarely,1329,Sales,29,4,Life Sciences,1,1211,3,Male,61,3,2,Sales Executive,1,Divorced,4115,13192,8,Y,0,19,3,3,80,3,8,3,3,4,3,0,3,7,12.859375,26,0,2.6,2020,26-35,Desempeño Bajo,Naranja,No_Divorced,0,Sales Executive_Travel_Rarely
44,Travel_Rarely,1376,Human Resources,1,2,Medical,1,1098,2,Male,91,2,3,Human Resources,1,Married,10482,2326,9,Y,0,14,3,4,80,1,24,1,3,20,6,3,6,10,32.75625,24,3,2.4,2004,36-45,Desempeño Bajo,Rojo,No_Married,0,Human Resources_Travel_Rarely
42,Travel_Frequently,1474,Research & Development,5,2,Other,1,591,2,Male,97,3,1,Laboratory Technician,3,Married,2093,9260,4,Y,0,17,3,4,80,1,8,4,3,2,2,2,0,8,6.540625,40,2,3.0,2022,36-45,Desempeño Medio,Verde,No_Married,0,Laboratory Technician_Travel_Frequently
47,Travel_Rarely,955,Sales,4,2,Life Sciences,1,1003,4,Female,83,3,2,Sales Executive,4,Single,4163,8571,1,Y,1,17,3,3,80,0,9,0,3,9,0,0,7,0,13.009375,38,0,3.4,2015,46-55,Desempeño Medio,Verde,Yes_Single,1,Sales Executive_Travel_Rarely
32,Travel_Frequently,1005,Research & Development,2,2,Life Sciences,1,8,4,Male,79,3,1,Laboratory Technician,4,Single,3068,11864,0,Y,0,13,3,3,80,0,8,2,2,7,7,3,6,8,9.5875,25,3,3.2,2017,26-35,Desempeño Medio,Verde,No_Single,0,Laboratory Technician_Travel_Frequently
46,Travel_Rarely,406,Sales,3,1,Marketing,1,1124,1,Male,52,3,4,Manager,3,Married,17465,15596,3,Y,0,12,3,4,80,1,23,3,3,12,9,4,9,20,54.578125,34,4,2.8,2012,46-55,Desempeño Medio,Verde,No_Married,0,Manager_Travel_Rarely
43,Travel_Frequently,394,Sales,26,2,Life Sciences,1,158,3,Male,92,3,4,Manager,4,Married,16959,19494,1,Y,1,12,3,4,80,2,25,3,4,25,12,4,12,12,52.996875,18,4,3.6,1999,36-45,Desempeño Medio,Verde,Yes_Married,1,Manager_Travel_Frequently
32,Travel_Rarely,801,Sales,1,4,Marketing,1,2016,3,Female,48,3,3,Sales Executive,4,Married,10422,24032,1,Y,0,19,3,3,80,2,14,3,3,14,10,5,7,10,32.56875,18,5,3.2,2010,26-35,Desempeño Medio,Verde,No_Married,0,Sales Executive_Travel_Rarely
45,Travel_Rarely,954,Sales,2,2,Technical Degree,1,783,2,Male,46,1,2,Sales Representative,3,Single,6632,12388,0,Y,0,13,3,1,80,0,9,3,3,8,7,3,1,8,20.725,37,3,2.0,2016,46-55,Desempeño Medio,Verde,No_Single,0,Sales Representative_Travel_Rarely
51,Travel_Rarely,1469,Research & Development,8,4,Life Sciences,1,296,2,Male,81,2,3,Research Director,2,Married,12490,15736,5,Y,0,16,3,4,80,2,16,5,1,10,9,4,7,15,39.03125,41,4,2.2,2014,46-55,Desempeño Bajo,Naranja,No_Married,0,Research Director_Travel_Rarely
40,Travel_Rarely,1194,Research & Development,1,3,Life Sciences,1,1822,3,Female,52,3,2,Healthcare Representative,4,Divorced,6513,9060,4,Y,0,17,3,4,80,1,12,3,3,5,3,0,3,10,20.353125,35,0,3.4,2019,36-45,Desempeño Medio,Verde,No_Divorced,0,Healthcare Representative_Travel_Rarely
40,Travel_Frequently,580,Sales,5,4,Life Sciences,1,729,4,Male,48,2,3,Sales Executive,1,Married,10475,23772,5,Y,1,21,4,3,80,1,20,2,3,18,13,1,12,15,32.734375,22,1,2.6,2006,36-45,Desempeño Bajo,Naranja,Yes_Married,1,Sales Executive_Travel_Frequently
29,Travel_Rarely,136,Research & Development,1,3,Life Sciences,1,1954,1,Male,89,3,2,Healthcare Representative,1,Married,5373,6225,0,Y,0,12,3,1,80,1,6,5,2,5,3,0,2,4,16.790625,24,0,1.6,2019,26-35,Desempeño Bajo,Naranja,No_Married,0,Healthcare Representative_Travel_Rarely
32,Travel_Rarely,495,Research & Development,10,3,Medical,1,1516,3,Male,64,3,3,Manager,4,Single,11244,21072,2,Y,0,25,4,2,80,0,10,5,4,5,2,0,0,7,35.1375,27,0,3.2,2019,26-35,Unicornios,Verde,No_Single,0,Manager_Travel_Rarely
41,Non-Travel,552,Human Resources,4,3,Human Resources,1,1722,3,Male,60,1,2,Human Resources,2,Married,6430,20794,6,Y,0,19,3,2,80,1,10,4,3,3,2,1,2,9,20.09375,38,1,2.2,2021,36-45,Desempeño Bajo,Naranja,No_Married,0,Human Resources_Non-Travel
30,Travel_Rarely,852,Research & Development,1,1,Life Sciences,1,104,4,Male,55,2,2,Laboratory Technician,4,Married,5126,15998,1,Y,1,12,3,3,80,2,10,1,2,10,8,3,0,8,16.01875,20,3,3.0,2014,26-35,Desempeño Medio,Verde,Yes_Married,1,Laboratory Technician_Travel_Rarely
55,Travel_Rarely,111,Sales,1,2,Life Sciences,1,106,1,Male,70,3,3,Sales Executive,4,Married,10239,18092,3,Y,0,14,3,4,80,1,24,4,3,1,0,1,0,23,31.996875,54,1,3.0,2023,56-65,Desempeño Medio,Verde,No_Married,0,Sales Executive_Travel_Rarely
25,Travel_Rarely,685,Research & Development,1,3,Life Sciences,1,350,1,Female,62,3,2,Manufacturing Director,3,Married,4898,7505,0,Y,0,12,3,4,80,2,5,3,3,4,2,1,2,3,15.30625,21,1,2.8,2020,26-35,Desempeño Medio,Verde,No_Married,0,Manufacturing Director_Travel_Rarely
27,Travel_Rarely,155,Research & Development,4,3,Life Sciences,1,2064,2,Male,87,4,2,Manufacturing Director,2,Married,6142,5174,1,Y,1,20,4,2,80,1,6,0,3,6,2,0,3,2,19.19375,21,0,2.6,2018,26-35,Desempeño Bajo,Naranja,Yes_Married,1,Manufacturing Director_Travel_Rarely
41,Travel_Rarely,314,Human Resources,1,3,Human Resources,1,734,4,Male,59,2,5,Manager,3,Married,19189,19562,1,Y,0,12,3,2,80,1,22,3,3,22,7,2,10,7,59.965625,19,2,2.8,2002,36-45,Desempeño Medio,Verde,No_Married,0,Manager_Travel_Rarely
41,Travel_Rarely,642,Research & Development,1,3,Life Sciences,1,1999,4,Male,76,3,1,Research Scientist,4,Married,2782,21412,3,Y,0,22,4,1,80,1,12,3,3,5,3,1,0,10,8.69375,36,1,3.0,2019,36-45,Unicornios,Verde,No_Married,0,Research Scientist_Travel_Rarely
20,Travel_Rarely,1362,Research & Development,10,1,Medical,1,701,4,Male,32,3,1,Research Scientist,3,Single,1009,26999,1,Y,1,11,3,4,80,0,1,5,3,1,0,1,1,0,3.153125,19,1,3.4,2023,18-25,Desempeño Medio,Rojo,Yes_Single,1,Research Scientist_Travel_Rarely
29,Travel_Rarely,592,Research & Development,7,3,Life Sciences,1,1883,4,Male,59,3,1,Laboratory Technician,1,Single,2062,19384,3,Y,0,14,3,2,80,0,11,2,3,3,2,1,2,10,6.44375,26,1,2.6,2021,26-35,Desempeño Bajo,Naranja,No_Single,0,Laboratory Technician_Travel_Rarely
38,Travel_Rarely,1495,Research & Development,4,2,Medical,1,1687,4,Female,87,3,1,Laboratory Technician,3,Married,3306,26176,7,Y,0,19,3,4,80,1,7,5,2,0,0,0,0,7,10.33125,38,0,3.2,2024,36-45,Desempeño Medio,Verde,No_Married,0,Laboratory Technician_Travel_Rarely
27,Travel_Rarely,1354,Research & Development,2,4,Technical Degree,1,1931,2,Male,41,3,1,Research Scientist,2,Married,2226,6073,1,Y,0,11,3,3,80,1,6,3,2,5,3,1,2,4,6.95625,22,1,2.4,2019,26-35,Desempeño Bajo,Naranja,No_Married,0,Research Scientist_Travel_Rarely
35,Travel_Frequently,138,Research & Development,2,3,Medical,1,269,2,Female,37,3,2,Laboratory Technician,2,Single,4425,15986,5,Y,0,11,3,4,80,0,10,5,3,6,2,1,2,6,13.828125,29,1,2.8,2018,36-45,Desempeño Bajo,Naranja,No_Single,0,Laboratory Technician_Travel_Frequently
55,Non-Travel,444,Research & Development,2,1,Medical,1,1074,3,Male,40,2,4,Manager,1,Single,16756,17323,7,Y,0,15,3,2,80,0,31,3,4,9,7,6,2,29,52.3625,46,6,2.4,2015,56-65,Desempeño Bajo,Naranja,No_Single,0,Manager_Non-Travel
28,Travel_Rarely,1476,Research & Development,16,2,Medical,1,412,2,Male,68,4,2,Healthcare Representative,1,Single,5661,4824,0,Y,0,19,3,3,80,0,9,2,3,8,3,0,7,4,17.690625,20,0,2.6,2016,26-35,Desempeño Bajo,Naranja,No_Single,0,Healthcare Representative_Travel_Rarely
31,Travel_Rarely,249,Sales,6,4,Life Sciences,1,163,2,Male,76,1,2,Sales Executive,3,Married,6172,20739,4,Y,1,18,3,2,80,0,12,3,2,7,7,7,7,12,19.2875,24,7,2.0,2017,26-35,Desempeño Medio,Rojo,Yes_Married,1,Sales Executive_Travel_Rarely
45,Travel_Rarely,1457,Research & Development,7,3,Medical,1,1195,1,Female,83,3,1,Research Scientist,3,Married,4477,20100,4,Y,1,19,3,3,80,1,7,2,2,3,2,0,2,6,13.990625,42,0,2.4,2021,46-55,Desempeño Medio,Verde,Yes_Married,1,Research Scientist_Travel_Rarely
58,Travel_Frequently,781,Research & Development,2,1,Life Sciences,1,918,4,Male,57,2,1,Laboratory Technician,4,Divorced,2380,13384,9,Y,1,14,3,4,80,1,3,3,2,1,0,0,0,2,7.4375,57,0,3.2,2023,56-65,Desempeño Medio,Rojo,Yes_Divorced,1,Laboratory Technician_Travel_Frequently
50,Travel_Rarely,1099,Research & Development,29,4,Life Sciences,1,569,2,Male,88,2,4,Manager,3,Married,17046,9314,0,Y,0,15,3,2,80,1,28,2,3,27,10,15,7,11,53.26875,23,15,2.4,1997,46-55,Desempeño Medio,Verde,No_Married,0,Manager_Travel_Rarely
50,Travel_Frequently,1115,Research & Development,1,3,Life Sciences,1,141,1,Female,73,3,5,Research Director,2,Married,18172,9755,3,Y,1,19,3,1,80,0,28,1,2,8,3,0,7,23,56.7875,42,0,1.8,2016,46-55,Desempeño Bajo,Naranja,Yes_Married,1,Research Director_Travel_Frequently
41,Travel_Rarely,933,Research & Development,9,4,Life Sciences,1,200,3,Male,94,3,1,Laboratory Technician,1,Married,2238,6961,2,Y,0,21,4,4,80,1,7,2,3,5,0,1,4,2,6.99375,36,1,2.8,2019,36-45,Desempeño Bajo,Naranja,No_Married,0,Laboratory Technician_Travel_Rarely
36,Travel_Rarely,1383,Research & Development,10,3,Life Sciences,1,1790,4,Male,90,3,3,Healthcare Representative,1,Married,8321,25949,7,Y,1,13,3,4,80,1,15,1,3,12,8,5,7,11,26.003125,24,5,3.0,2012,36-45,Desempeño Bajo,Naranja,Yes_Married,1,Healthcare Representative_Travel_Rarely
45,Travel_Rarely,252,Research & Development,2,3,Life Sciences,1,834,2,Female,95,2,1,Research Scientist,3,Single,2274,6153,1,Y,0,14,3,4,80,0,1,3,3,1,0,0,0,0,7.10625,44,0,2.8,2023,46-55,Desempeño Medio,Verde,No_Single,0,Research Scientist_Travel_Rarely
40,Travel_Frequently,1469,Research & Development,9,4,Medical,1,964,4,Male,35,3,1,Research Scientist,2,Divorced,3617,25063,8,Y,1,14,3,4,80,1,3,2,3,1,1,0,0,3,11.303125,39,0,3.2,2023,36-45,Desempeño Bajo,Naranja,Yes_Divorced,1,Research Scientist_Travel_Frequently
20,Travel_Rarely,727,Sales,9,1,Life Sciences,1,1680,4,Male,54,3,1,Sales Representative,1,Single,2728,21082,1,Y,0,11,3,1,80,0,2,3,3,2,2,0,2,2,8.525,18,0,2.4,2022,18-25,Desempeño Bajo,Naranja,No_Single,0,Sales Representative_Travel_Rarely
26,Travel_Frequently,575,Research & Development,1,2,Life Sciences,1,792,1,Female,71,1,1,Laboratory Technician,4,Divorced,4364,5288,3,Y,0,14,3,1,80,1,5,2,3,2,2,2,0,5,13.6375,24,2,2.0,2022,26-35,Desempeño Medio,Verde,No_Divorced,0,Laboratory Technician_Travel_Frequently
36,Travel_Rarely,1403,Research & Development,6,3,Life Sciences,1,373,4,Male,47,3,1,Laboratory Technician,4,Married,3210,20251,0,Y,0,11,3,3,80,1,16,4,3,15,13,10,11,14,10.03125,21,10,3.4,2009,36-45,Desempeño Medio,Verde,No_Married,0,Laboratory Technician_Travel_Rarely
44,Travel_Rarely,1448,Sales,28,3,Medical,1,1039,4,Female,53,4,4,Sales Executive,4,Married,13320,11737,3,Y,1,18,3,3,80,1,23,2,3,12,11,11,11,22,41.625,32,11,3.6,2012,36-45,Desempeño Medio,Verde,Yes_Married,1,Sales Executive_Travel_Rarely
32,Non-Travel,1109,Research & Development,29,4,Medical,1,1046,4,Female,69,3,1,Laboratory Technician,3,Single,4025,11135,9,Y,0,12,3,2,80,0,10,2,3,8,7,7,7,9,12.578125,24,7,3.0,2016,26-35,Desempeño Medio,Verde,No_Single,0,Laboratory Technician_Non-Travel
29,Travel_Rarely,352,Human Resources,6,1,Medical,1,1865,4,Male,87,2,1,Human Resources,2,Married,2804,15434,1,Y,0,11,3,4,80,0,1,3,3,1,0,0,0,0,8.7625,28,0,3.0,2023,26-35,Desempeño Bajo,Naranja,No_Married,0,Human Resources_Travel_Rarely
26,Travel_Rarely,192,Research & Development,1,2,Medical,1,1083,1,Male,59,2,1,Laboratory Technician,1,Married,3955,11141,1,Y,0,16,3,1,80,2,6,2,3,5,3,1,3,4,12.359375,21,1,1.6,2019,26-35,Desempeño Bajo,Naranja,No_Married,0,Laboratory Technician_Travel_Rarely
46,Travel_Rarely,168,Sales,4,2,Marketing,1,1280,4,Female,33,2,5,Manager,2,Married,18789,9946,2,Y,0,14,3,3,80,1,26,2,3,11,4,0,8,19,58.715625,35,0,2.8,2013,46-55,Desempeño Bajo,Naranja,No_Married,0,Manager_Travel_Rarely
24,Travel_Rarely,1127,Research & Development,18,1,Life Sciences,1,150,2,Male,52,3,1,Laboratory Technician,3,Married,2774,13257,0,Y,0,12,3,3,80,1,6,2,3,5,3,1,2,4,8.66875,19,1,2.8,2019,18-25,Desempeño Medio,Verde,No_Married,0,Laboratory Technician_Travel_Rarely
31,Travel_Rarely,140,Research & Development,12,1,Medical,1,246,3,Female,95,3,1,Research Scientist,4,Married,3929,6984,8,Y,1,23,4,3,80,1,7,0,3,4,2,0,2,5,12.278125,27,0,3.2,2020,26-35,Unicornios,Verde,Yes_Married,1,Research Scientist_Travel_Rarely
